Game,Year,Genre,Publisher,North America,Europe,Japan,Rest of World,Global,Fixed Date
Grand Theft Auto V,2014,Action,Rockstar Games,6.06,9.71,0.6,3.02,19.39,1/1/2014
Call of Duty: Black Ops 3,2015,Shooter,Activision,6.18,6.05,0.41,2.44,15.09,1/1/2015
Red Dead Redemption 2,2018,Action-Adventure,Rockstar Games,5.26,6.21,0.21,2.26,13.94,1/1/2018
Call of Duty: WWII,2017,Shooter,Activision,4.67,6.21,0.4,2.12,13.4,1/1/2017
FIFA 18,2017,Sports,EA Sports,1.27,8.64,0.15,1.73,11.8,1/1/2017
FIFA 17,2016,Sports,Electronic Arts,1.26,7.95,0.12,1.61,10.94,1/1/2016
Uncharted (PS4),2016,Action,Sony Interactive Entertainment,4.49,3.93,0.21,1.7,10.33,1/1/2016
Spider-Man (PS4),2018,Action-Adventure,Sony Interactive Entertainment,3.64,3.39,0.32,1.41,8.76,1/1/2018
Call of Duty: Infinite Warfare,2016,Shooter,Activision,3.11,3.83,0.19,1.36,8.48,1/1/2016
Fallout 4,2015,Role-Playing,Bethesda Softworks,2.91,3.97,0.27,1.34,8.48,1/1/2015
FIFA 16,2015,Sports,EA Sports,1.15,5.77,0.07,1.23,8.22,1/1/2015
Star Wars Battlefront 2015,2015,Shooter,Electronic Arts,3.31,3.19,0.23,1.3,8.03,1/1/2015
Call of Duty: Advanced Warfare,2014,Shooter,Activision,2.84,3.34,0.14,1.22,7.53,1/1/2014
Battlefield 1,2016,Shooter,Electronic Arts,2.2,3.65,0.29,1.12,7.26,1/1/2016
The Last of Us,2014,Action-Adventure,Sony Computer Entertainment,2.7,2.86,0.11,1.1,6.77,1/1/2014
MineCraft,2014,Misc,Sony Computer Entertainment,1.89,3.13,0.35,0.96,6.33,1/1/2014
FIFA 15,2014,Sports,EA Sports,0.83,4.49,0.05,0.94,6.32,1/1/2014
God of War (PS4),2018,Action,Sony Interactive Entertainment,2.83,2.17,0.13,1.02,6.15,1/1/2018
Horizon: Zero Dawn,2017,Action,Sony Interactive Entertainment,2.2,2.43,0.28,0.92,5.82,1/1/2017
Destiny,2014,Shooter,Activision,2.53,2.13,0.16,0.94,5.76,1/1/2014
Uncharted: The Nathan Drake Collection,2015,Action,Sony Computer Entertainment,2.55,2.11,0.1,0.94,5.7,1/1/2015
The Witcher 3: Wild Hunt,2015,Role-Playing,Namco Bandai Games,1.48,2.82,0.28,0.81,5.39,1/1/2015
Final Fantasy XV,2016,Role-Playing,Square Enix,1.81,1.53,1.05,0.68,5.07,1/1/2016
Crash Bandicoot N. Sane Trilogy,2017,Platform,Activision,1.09,2.92,0.07,0.74,4.83,1/1/2017
Monster Hunter: World,2018,Action,Capcom,1.03,1.06,2.17,0.42,4.67,1/1/2018
Overwatch,2016,Shooter,Blizzard Entertainment,1.84,1.8,0.17,0.73,4.54,1/1/2016
Star Wars Battlefront II (2017),2017,Shooter,Electronic Arts,1.7,1.99,0.12,0.73,4.53,1/1/2017
Tom Clancy's The Division,2016,Shooter,Ubisoft,1.49,2.04,0.16,0.69,4.37,1/1/2016
Tom Clancy's Rainbow Six: Siege,2015,Shooter,Ubisoft,1.29,2.06,0.36,0.64,4.36,1/1/2015
Watch Dogs,2014,Action-Adventure,Ubisoft,1.4,2.13,0.11,0.68,4.32,1/1/2014
Call of Duty: Ghosts,2013,Shooter,Activision,1.79,1.64,0.05,0.69,4.17,1/1/2013
Assassin's Creed: Unity,2014,Action,Ubisoft,1.25,2.16,0.09,0.65,4.14,1/1/2014
Destiny 2,2017,Shooter,Activision,1.92,1.44,0.1,0.69,4.14,1/1/2017
Batman: Arkham Knight,2015,Action,Warner Bros. Interactive,1.65,1.68,0.11,0.66,4.11,1/1/2015
Assassin's Creed Origins,2017,Action,Ubisoft,1.22,2.11,0.11,0.63,4.06,1/1/2017
Far Cry 4,2014,Shooter,Ubisoft,1.18,2.14,0.11,0.63,4.06,1/1/2014
NBA 2K16,2015,Sports,2K Sports,2.56,0.66,0.05,0.71,3.98,1/1/2015
Far Cry 5,2018,Action,Ubisoft,1.44,1.73,0.15,0.62,3.95,1/1/2018
Battlefield 4,2013,Shooter,Electronic Arts,1.4,1.74,0.19,0.62,3.94,1/1/2013
Gran Turismo Sport,2017,Racing,Sony Interactive Entertainment,0.63,2.35,0.24,0.54,3.77,1/1/2017
Assassin's Creed Syndicate,2015,Action,Ubisoft,0.9,2.06,0.08,0.55,3.6,1/1/2015
NBA 2K17,2016,Sports,2K Sports,2.28,0.59,0.03,0.63,3.52,1/1/2016
Mortal Kombat X,2015,Fighting,Warner Bros. Interactive Entertainment,1.94,0.94,0,0.61,3.49,1/1/2015
FIFA Soccer 14,2013,Sports,EA Sports,0.62,2.18,0.12,0.51,3.43,1/1/2013
The Elder Scrolls V: Skyrim,2016,Role-Playing,Bethesda Softworks,1.24,1.5,0.08,0.54,3.36,1/1/2016
Watch Dogs 2,2016,Action,Ubisoft,0.98,1.74,0.12,0.52,3.36,1/1/2016
NBA 2K18,2017,Sports,2K Sports,2.13,0.57,0.04,0.59,3.34,1/1/2017
Resident Evil VII: Biohazard,2017,Action,Capcom,0.88,1.56,0.41,0.46,3.31,1/1/2017
Madden NFL 16,2015,Sports,EA Sports,2.39,0.31,0,0.61,3.3,1/1/2015
Madden NFL 17,2016,Sports,EA Sports,2.3,0.37,0,0.6,3.28,1/1/2016
Middle-Earth: Shadow of Mordor,2014,Action,Warner Bros. Interactive Entertainment,1.03,1.6,0.05,0.51,3.19,1/1/2014
Assassin's Creed IV: Black Flag,2013,Action-Adventure,Ubisoft,1.07,1.55,0.06,0.51,3.19,1/1/2013
Tom Clancy's Ghost Recon Wildlands,2017,Shooter,Ubisoft,1.07,1.35,0.22,0.47,3.12,1/1/2017
Bloodborne,2015,Role-Playing,Sony Computer Entertainment,1.3,1.05,0.28,0.48,3.11,1/1/2015
Metal Gear Solid V: The Phantom Pain,2015,Action,Konami Digital Entertainment,0.97,1.15,0.5,0.42,3.04,1/1/2015
Killzone: Shadow Fall,2013,Shooter,Sony Computer Entertainment,0.89,1.58,0.08,0.47,3.02,1/1/2013
inFAMOUS: Second Son,2014,Action-Adventure,Sony Computer Entertainment,1.35,1.09,0.07,0.5,3.01,1/1/2014
Doom (2016),2016,Shooter,Bethesda Softworks,0.93,1.48,0.04,0.46,2.92,1/1/2016
Mafia III,2016,Action-Adventure,2K Games,0.72,1.67,0.04,0.44,2.87,1/1/2016
Diablo III,2014,Role-Playing,Blizzard Entertainment,0.83,1.48,0.08,0.44,2.82,1/1/2014
Far Cry: Primal,2016,Action-Adventure,Ubisoft,0.63,1.61,0.07,0.41,2.73,1/1/2016
Need for Speed (2015),2015,Racing,Electronic Arts,0.59,1.66,0.06,0.41,2.72,1/1/2015
Madden NFL 18,2017,Sports,EA Sports,1.73,0.42,0,0.47,2.62,1/1/2017
NBA 2K15,2014,Sports,2K Sports,1.49,0.55,0.01,0.44,2.49,1/1/2014
Dying Light,2015,Action,Warner Bros. Interactive,1.18,0.74,0.13,0.4,2.45,1/1/2015
Dark Souls III,2016,Role-Playing,Namco Bandai Games,1,0.63,0.44,0.34,2.42,1/1/2016
Ratchet & Clank (2016),2016,Platform,Sony Interactive Entertainment,0.97,0.97,0.06,0.39,2.38,1/1/2016
DriveClub,2014,Racing,Sony Computer Entertainment,0.37,1.63,0.02,0.36,2.37,1/1/2014
Uncharted: The Lost Legacy,2017,Action,Sony Interactive Entertainment,0.58,1.38,0.04,0.36,2.37,1/1/2017
Dragon Age III: Inquisition,2014,Role-Playing,Electronic Arts,1.07,0.8,0.08,0.38,2.34,1/1/2014
No Man's Sky,2016,Action-Adventure,Hello Games,0.89,0.97,0.04,0.37,2.26,1/1/2016
Madden NFL 15,2014,Sports,EA Sports,1.58,0.25,0,0.41,2.25,1/1/2014
Need for Speed: Payback,2017,Racing,Electronic Arts,0.62,1.18,0.04,0.34,2.18,1/1/2017
Destiny: The Taken King,2015,Shooter,Activision,0.97,0.8,0.05,0.36,2.18,1/1/2015
Need for Speed Rivals,2013,Racing,Electronic Arts,0.75,1.04,0.03,0.35,2.17,1/1/2013
PlayStation VR Worlds,2016,Misc,Sony Interactive Entertainment,0.36,1.4,0.09,0.32,2.16,1/1/2016
Battlefield: Hardline,2015,Shooter,Electronic Arts,0.72,0.97,0.14,0.33,2.15,1/1/2015
Rise of the Tomb Raider,2016,Adventure,Square Enix,0.61,1.08,0.05,0.32,2.07,1/1/2016
LittleBigPlanet 3,2014,Platform,Sony Computer Entertainment,0.78,0.93,0.01,0.34,2.06,1/1/2014
The Elder Scrolls Online,2015,MMO,Bethesda Softworks,0.74,0.98,0,0.33,2.05,1/1/2015
Middle-Earth: Shadow of War,2017,Action,Warner Bros. Interactive Entertainment,0.82,0.84,0.06,0.33,2.04,1/1/2017
Dragon Quest XI,2017,Role-Playing,Square Enix,0.29,0.22,1.43,0.1,2.04,1/1/2017
Rocket League,2016,Sports,505 Games,0.37,1.34,0,0.31,2.02,1/1/2016
Just Cause 3,2015,Action-Adventure,Square Enix,0.53,1.07,0.09,0.3,1.98,1/1/2015
Dishonored 2,2016,Action,Bethesda Softworks,0.62,1.02,0.01,0.31,1.97,1/1/2016
Lego Marvel Super Heroes,2013,Action,Warner Bros. Interactive Entertainment,0.59,1,0.01,0.3,1.91,1/1/2013
Until Dawn,2015,Adventure,Sony Computer Entertainment,0.62,0.92,0.06,0.3,1.9,1/1/2015
Knack,2013,Platform,Sony Computer Entertainment,0.45,0.77,0.42,0.23,1.88,1/1/2013
The Evil Within,2014,Action,Bethesda Softworks,0.56,0.9,0.11,0.28,1.86,1/1/2014
The Crew,2014,Racing,Ubisoft,0.44,1.04,0.03,0.27,1.79,1/1/2014
Kingdom Hearts 1.5 + 2.5 Remix,2017,Role-Playing,Square Enix,0.75,0.51,0.23,0.26,1.75,1/1/2017
For Honor,2017,Action,Ubisoft,0.73,0.66,0.07,0.28,1.75,1/1/2017
Titanfall 2,2016,Shooter,Electronic Arts,0.75,0.62,0.06,0.28,1.72,1/1/2016
Injustice 2,2017,Fighting,Warner Bros. Interactive Entertainment,0.88,0.54,0,0.29,1.72,1/1/2017
NieR Automata,2017,Role-Playing,Square Enix,0.56,0.51,0.42,0.22,1.71,1/1/2017
Tekken 7,2017,Fighting,Namco Bandai Games,0.6,0.72,0.12,0.26,1.7,1/1/2017
Persona 5,2016,Role-Playing,Deep Silver,0.62,0.34,0.48,0.2,1.64,1/1/2016
The Order: 1886,2015,Shooter,Sony Computer Entertainment,0.44,0.86,0.07,0.25,1.62,1/1/2015
Wolfenstein: The New Order,2014,Shooter,Bethesda Softworks,0.48,0.84,0.03,0.25,1.61,1/1/2014
Detroit: Become Human,2018,Adventure,Sony Interactive Entertainment,0.55,0.67,0.12,0.24,1.57,1/1/2018
Naruto Shippuden: Ultimate Ninja Storm 4,2016,Fighting,Namco Bandai Games,0.71,0.47,0.12,0.24,1.54,1/1/2016
NBA 2K14,2013,Sports,2K Sports,0.91,0.35,0.01,0.27,1.54,1/1/2013
Tomb Raider (2013),2014,Action-Adventure,Square Enix,0.47,0.74,0.06,0.23,1.51,1/1/2014
Dragon Ball: Xenoverse 2,2016,Action,Namco Bandai Games,0.54,0.59,0.14,0.23,1.5,1/1/2016
Rayman Legends,2014,Platform,Ubisoft,0.22,1.05,0,0.23,1.5,1/1/2014
Mass Effect: Andromeda,2017,Role-Playing,Electronic Arts,0.58,0.67,0,0.25,1.49,1/1/2017
Dragon Ball Fighter Z,2018,Fighting,Namco Bandai Games,0.61,0.51,0.12,0.23,1.46,1/1/2018
South Park: The Fractured But Whole,2017,Role-Playing,Ubisoft,0.62,0.57,0,0.24,1.43,1/1/2017
The Sims 4,2017,Simulation,Electronic Arts,0.44,0.72,0.01,0.22,1.39,1/1/2017
Street Fighter V,2016,Fighting,Capcom,0.64,0.42,0.12,0.22,1.39,1/1/2016
Wolfenstein II: The New Colossus,2017,Shooter,Bethesda Softworks,0.55,0.58,0.01,0.22,1.36,1/1/2017
WWE 2K18,2017,Sports,2K Sports,0.45,0.67,0,0.22,1.33,1/1/2017
Lego Star Wars: The Force Awakens,2016,Action-Adventure,Warner Bros. Interactive Entertainment,0.3,0.78,0.02,0.2,1.31,1/1/2016
EA Sports UFC 2,2016,Sports,EA Sports,0.44,0.65,0,0.21,1.31,1/1/2016
The Last Guardian,2016,Action-Adventure,Sony Interactive Entertainment,0.4,0.58,0.13,0.19,1.29,1/1/2016
WWE 2K16,2015,Sports,Take-Two Interactive,0.43,0.65,0,0.21,1.29,1/1/2015
Borderlands: The Handsome Collection,2015,Shooter,2K Games,0.69,0.34,0.03,0.22,1.28,1/1/2015
Project CARS,2015,Racing,Bandai Namco Games,0.29,0.76,0.04,0.19,1.28,1/1/2015
WWE 2K17,2016,Sports,2K Games,0.32,0.7,0,0.19,1.22,1/1/2016
Guitar Hero Live,2015,Music,Activision,0.52,0.49,0,0.2,1.21,1/1/2015
Metal Gear Solid: Ground Zeroes,2014,Action-Adventure,Konami Digital Entertainment,0.36,0.5,0.17,0.17,1.2,1/1/2014
Mad Max (2013),2015,Action,Warner Bros. Interactive Entertainment,0.38,0.59,0.05,0.19,1.2,1/1/2015
Shadow of the Colossus,2018,Action-Adventure,Sony Interactive Entertainment,0.44,0.52,0.05,0.19,1.2,1/1/2018
Kingdom Hearts HD 2.8 Final Chapter Prologue,2017,Role-Playing,Square Enix,0.57,0.25,0.2,0.17,1.2,1/1/2017
Dragon Ball: XenoVerse,2015,Fighting,Namco Bandai Games,0.33,0.55,0.14,0.17,1.19,1/1/2015
LEGO Dimensions,2015,Action,Warner Bros. Interactive Entertainment,0.48,0.5,0,0.2,1.18,1/1/2015
LEGO Jurassic World,2015,Action,Warner Bros. Interactive Entertainment,0.41,0.56,0.02,0.19,1.18,1/1/2015
WWE 2K15,2014,Sports,2K Sports,0.4,0.57,0,0.19,1.16,1/1/2014
MLB The Show 17,2017,Sports,Sony Interactive Entertainment,0.94,0,0,0.22,1.16,1/1/2017
LEGO Worlds,2017,Misc,Warner Bros. Interactive Entertainment,0.21,0.72,0.04,0.17,1.14,1/1/2017
The Elder Scrolls V: Skyrim PSVR,2017,Role-Playing,Bethesda Softworks,0.47,0.47,0.01,0.19,1.13,1/1/2017
LEGO Marvel Super Heroes 2,2017,Action,Warner Bros. Interactive Entertainment,0.33,0.6,0,0.18,1.11,1/1/2017
EA Sports UFC,2014,Fighting,Electronic Arts,0.49,0.43,0.01,0.18,1.11,1/1/2014
Final Fantasy XII: The Zodiac Age,2017,Role-Playing,Square Enix,0.37,0.41,0.16,0.15,1.1,1/1/2017
Alien: Isolation,2014,Adventure,Sega,0.29,0.59,0.05,0.16,1.09,1/1/2014
MLB The Show 18,2018,Sports,Sony Interactive Entertainment,0.86,0,0,0.2,1.06,1/1/2018
The Evil Within II,2017,Action,Bethesda Softworks,0.31,0.49,0.09,0.15,1.05,1/1/2017
Prey (2017),2017,Shooter,Bethesda Softworks,0.25,0.62,0.02,0.16,1.04,1/1/2017
Final Fantasy Type-0,2015,Role-Playing,Square Enix,0.4,0.33,0.16,0.15,1.04,1/1/2015
Ni-Oh,2017,Action,Tecmo Koei,0.34,0.36,0.2,0.14,1.03,1/1/2017
MLB 15: The Show,2015,Sports,Sony Computer Entertainment,0.75,0.08,0,0.19,1.01,1/1/2015
Steep,2016,Sports,Ubisoft,0.23,0.6,0.02,0.15,1.01,1/1/2016
LEGO Marvel's Avengers,2016,Action,Warner Bros. Interactive Entertainment,0.31,0.53,0.01,0.16,1.01,1/1/2016
Evolve,2015,Shooter,2K Games,0.38,0.41,0.05,0.16,1.01,1/1/2015
Injustice: Gods Among Us,2013,Fighting,Warner Bros. Interactive Entertainment,0.46,0.35,0,0.17,0.98,1/1/2013
EA Sports UFC 3,2018,Sports,EA Sports,0.4,0.41,0.01,0.16,0.97,1/1/2018
Madden NFL 25,2013,Sports,EA Sports,0.64,0.15,0,0.17,0.96,1/1/2013
MLB 16: The Show,2016,Sports,Sony Computer Entertainment,0.78,0,0,0.18,0.96,1/1/2016
Lego Batman 3: Beyond Gotham,2014,Action,Warner Bros. Interactive Entertainment,0.37,0.42,0,0.16,0.94,1/1/2014
Final Fantasy X/X-2 HD Remaster,2015,Role-Playing,Square Enix,0.34,0.36,0.07,0.14,0.9,1/1/2015
Ni no Kuni II: Revenant Kingdom,2018,Role-Playing,Namco Bandai Games,0.33,0.31,0.12,0.13,0.89,1/1/2018
God of War III,2015,Action,Sony Computer Entertainment,0.4,0.33,0.02,0.15,0.89,1/1/2015
Fortnite,2017,Action,Gearbox Software,0.42,0.32,0,0.15,0.89,1/1/2017
LEGO Harry Potter Collection,2016,Action,Warner Bros. Interactive Entertainment,0.07,0.68,0,0.13,0.88,1/1/2016
Minecraft: Story Mode,2015,Adventure,Mojang,0.31,0.42,0,0.14,0.87,1/1/2015
BioShock The Collection,2016,Shooter,2K Games,0.41,0.28,0.03,0.14,0.86,1/1/2016
Thief 4,2014,Action,Square Enix,0.28,0.41,0.03,0.13,0.85,1/1/2014
Until Dawn: Rush of Blood,2016,Shooter,Sony Interactive Entertainment,0.5,0.21,0,0.15,0.85,1/1/2016
Disney Infinity 3.0,2015,Action,Disney Interactive Studios,0.31,0.4,0,0.14,0.85,1/1/2015
Farming Simulator 17,2016,Simulation,Focus Home Interactive,0.19,0.52,0.01,0.13,0.85,1/1/2016
The Crew 2,2018,Racing,Ubisoft,0.22,0.42,0.05,0.12,0.82,1/1/2018
Pro Evolution Soccer 2016,2015,Sports,Konami Digital Entertainment,0.14,0.43,0.14,0.1,0.82,1/1/2015
ARK: Survival Evolved,2017,Action,Studio Wildcard,0.28,0.29,0.14,0.11,0.81,1/1/2017
Dragon Quest Heroes: The World's Tree Woe and the Blight Below,2015,Action,Square Enix,0.21,0.14,0.39,0.07,0.81,1/1/2015
Assassin's Creed The Ezio Collection,2016,Action,Ubisoft,0.14,0.52,0.02,0.12,0.79,1/1/2016
Final Fantasy XIV: A Realm Reborn,2014,MMO,Square Enix,0.35,0.23,0.08,0.12,0.79,1/1/2014
Destiny: The Collection,2016,Shooter,Activision,0.24,0.4,0.02,0.12,0.78,1/1/2016
F1 2016 (Codemasters),2016,Racing,Codemasters,0.07,0.56,0.03,0.11,0.78,1/1/2016
Hitman (2016),2017,Action,Square Enix,0.24,0.36,0.06,0.11,0.78,1/1/2017
Pro Evolution Soccer 2015,2014,Sports,Konami Digital Entertainment,0.09,0.45,0.12,0.1,0.76,1/1/2014
LEGO City Undercover,2017,Platform,Warner Bros. Interactive Entertainment,0.17,0.46,0.01,0.12,0.75,1/1/2017
Pro Evolution Soccer 2018,2017,Sports,Konami Digital Entertainment,0.12,0.36,0.19,0.09,0.75,1/1/2017
Disney Infinity 2.0: Marvel Super Heroes,2014,Action-Adventure,Disney Interactive Studios,0.37,0.25,0,0.13,0.75,1/1/2014
Pro Evolution Soccer 2017,2016,Sports,Konami Digital Entertainment,0.08,0.41,0.18,0.09,0.75,1/1/2016
Sniper Elite 3,2014,Shooter,505 Games,0.25,0.37,0,0.12,0.74,1/1/2014
MLB 14 The Show,2014,Sports,Sony Computer Entertainment,0.59,0,0,0.14,0.73,1/1/2014
WipEout Omega Collection,2017,Racing,Sony Interactive Entertainment,0.12,0.49,0,0.11,0.72,1/1/2017
Deus Ex: Mankind Divided,2016,Role-Playing,Square Enix,0.25,0.34,0.01,0.12,0.72,1/1/2016
The LEGO Movie Videogame,2014,Action-Adventure,Warner Bros. Interactive Entertainment,0.26,0.32,0.01,0.11,0.71,1/1/2014
Marvel vs. Capcom: Infinite,2017,Fighting,Capcom,0.36,0.19,0.04,0.11,0.7,1/1/2017
Dark Souls II,2015,Role-Playing,Namco Bandai Games,0.27,0.23,0.09,0.1,0.69,1/1/2015
Yakuza 6,2016,Adventure,Sega,0.16,0.1,0.38,0.05,0.69,1/1/2016
F1 2015,2015,Racing,Codemasters,0.1,0.45,0.04,0.1,0.68,1/1/2015
METRO 2033,2014,Shooter,Deep Silver,0.22,0.31,0.05,0.1,0.68,1/1/2014
Rocksmith 2014,2014,Music,Ubisoft,0.38,0.17,0,0.12,0.67,1/1/2014
NHL 16,2015,Sports,EA Sports,0.38,0.16,0,0.12,0.66,1/1/2015
Plants vs Zombies: Garden Warfare,2014,Shooter,Electronic Arts,0.24,0.3,0.01,0.11,0.66,1/1/2014
Tales of Berseria,2016,Role-Playing,Namco Bandai Games,0.22,0.1,0.26,0.07,0.65,1/1/2016
Yakuza Zero: The Place of Oath,2015,Adventure,Sega,0.22,0.16,0.19,0.08,0.65,1/1/2015
One Piece: Burning Blood,2016,Fighting,Namco Bandai Games,0.21,0.26,0.09,0.09,0.65,1/1/2016
Batman: Return to Arkham,2016,Action,Warner Bros. Interactive Entertainment,0.15,0.39,0.01,0.1,0.64,1/1/2016
Plants vs. Zombies: Garden Warfare 2,2016,Shooter,Electronic Arts,0.22,0.31,0,0.1,0.63,1/1/2016
LEGO The Hobbit,2014,Action-Adventure,Warner Bros. Interactive Entertainment,0.14,0.39,0,0.1,0.62,1/1/2014
World of Final Fantasy,2016,Role-Playing,Square Enix,0.24,0.21,0.09,0.09,0.62,1/1/2016
F1 2017,2017,Racing,Koch Media,0.04,0.47,0.02,0.09,0.62,1/1/2017
NHL 15,2014,Sports,EA Sports,0.32,0.19,0,0.11,0.62,1/1/2014
Knowledge is Power,2017,Party,Sony Interactive Entertainment,0.05,0.47,0,0.09,0.61,1/1/2017
L.A. Noire,2017,Adventure,Rockstar Games,0.18,0.32,0,0.1,0.6,1/1/2017
Hidden Agenda,2017,Adventure,Sony Interactive Entertainment,0.08,0.42,0,0.09,0.59,1/1/2017
Call of Duty: Modern Warfare Remastered,2017,Shooter,Activision,0.17,0.3,0.03,0.09,0.58,1/1/2017
Dragon Quest Builders: Revive Alefgard,2016,Role-Playing,Square Enix,0.12,0.17,0.24,0.06,0.58,1/1/2016
The Lego Ninjago Movie Videogame,2017,Action,Warner Bros. Interactive Entertainment,0.16,0.32,0,0.09,0.57,1/1/2017
Resident Evil: Revelations 2,2015,Action,Capcom,0.14,0.25,0.11,0.07,0.57,1/1/2015
Rock Band 4,2015,Music,Harmonix Music Systems,0.41,0.06,0,0.1,0.57,1/1/2015
NHL 18,2017,Sports,EA Sports,0.31,0.16,0,0.1,0.57,1/1/2017
Everybody's Golf,2017,Sports,Sony Interactive Entertainment,0.12,0.22,0.17,0.06,0.56,1/1/2017
The Amazing Spider-Man 2 (2014),2014,Action-Adventure,Activision,0.2,0.26,0.02,0.09,0.56,1/1/2014
DOOM VFR,2017,Shooter,Bethesda Softworks,0.22,0.25,0,0.09,0.56,1/1/2017
Sonic Forces,2017,Platform,Sega,0.15,0.31,0.01,0.09,0.56,1/1/2017
Kingdom Come: Deliverance,2018,Role-Playing,Deep Silver,0.18,0.28,0,0.09,0.56,1/1/2018
Lords of the Fallen,2014,Role-Playing,Square Enix,0.2,0.24,0.02,0.09,0.55,1/1/2014
Sniper Elite 4,2017,Shooter,Rebellion Developments,0.21,0.25,0,0.09,0.55,1/1/2017
Rory McIlroy PGA Tour,2015,Sports,Electronic Arts,0.19,0.27,0,0.09,0.55,1/1/2015
Project CARS 2,2017,Racing,Namco Bandai Games,0.1,0.35,0.02,0.08,0.55,1/1/2017
Skylanders: Trap Team,2014,Platform,Activision,0.25,0.18,0,0.09,0.52,1/1/2014
NHL 17,2016,Sports,EA Sports,0.32,0.11,0,0.09,0.52,1/1/2016
One Piece: Pirate Warriors 3,2015,Action,Namco Bandai Games,0.11,0.22,0.11,0.06,0.52,1/1/2015
DiRT Rally,2016,Racing,Codemasters,0.13,0.3,0,0.08,0.51,1/1/2016
Homefront: The Revolution,2016,Shooter,Deep Silver,0.11,0.29,0.04,0.07,0.5,1/1/2016
Attack on Titan (KOEI),2016,Action,Tecmo Koei,0.08,0.24,0.12,0.06,0.5,1/1/2016
DiRT 4,2017,Racing,Codemasters,0.1,0.3,0.02,0.07,0.49,1/1/2017
Farpoint,2017,Shooter,Sony Interactive Entertainment,0,0.38,0.04,0.06,0.48,1/1/2017
Battleborn,2016,Shooter,2K Games,0.25,0.12,0.03,0.08,0.48,1/1/2016
A Way Out,2018,Action,Electronic Arts,0.23,0.16,0,0.08,0.48,1/1/2018
Friday the 13th: The Game,2017,Action,Gun Media,0.29,0.09,0.03,0.08,0.48,1/1/2017
The Walking Dead: A Telltale Games Series,2014,Adventure,Telltale Games,0.12,0.26,0.03,0.07,0.48,1/1/2014
Wolfenstein: The Old Blood,2015,Shooter,Bethesda Softworks,0.13,0.25,0.02,0.07,0.48,1/1/2015
Deadpool,2015,Action,Activision,0.26,0.13,0,0.08,0.47,1/1/2015
Dragon Quest Heroes II: Twin Kings and the Prophecy's End,2016,Action,Square Enix,0.05,0.09,0.3,0.03,0.47,1/1/2016
TrackMania Turbo,2016,Racing,Ubisoft,0.04,0.35,0,0.07,0.47,1/1/2016
Knack 2,2017,Platform,Sony Interactive Entertainment,0.14,0.25,0.01,0.07,0.47,1/1/2017
Just Dance 2014,2013,Music,Ubisoft,0.21,0.18,0,0.08,0.47,1/1/2013
Dissidia Final Fantasy NT,2018,Fighting,Square Enix,0.19,0.06,0.16,0.05,0.46,1/1/2018
Skylanders: SuperChargers,2015,Action-Adventure,Activision,0.29,0.09,0,0.08,0.45,1/1/2015
Yakuza Kiwami,2016,Adventure,Sega,0.13,0.07,0.21,0.04,0.45,1/1/2016
Tales of Zestiria,2015,Role-Playing,Namco Bandai Games,0.18,0.16,0.04,0.07,0.45,1/1/2015
Star Ocean 5: Integrity and Faithlessness,2016,Role-Playing,Square Enix,0.1,0.13,0.16,0.05,0.45,1/1/2016
Sleeping Dogs,2014,Action,Square Enix,0.16,0.21,0,0.07,0.44,1/1/2014
Skylanders SWAP Force,2013,Misc,Activision,0.23,0.14,0,0.08,0.44,1/1/2013
Skylanders Imaginators,2016,Platform,Activision,0.18,0.18,0,0.07,0.43,1/1/2016
Trials Fusion,2014,Misc,Ubisoft,0.13,0.23,0.01,0.07,0.43,1/1/2014
Saints Row IV,2015,Action,Deep Silver,0.15,0.18,0.03,0.06,0.42,1/1/2015
Dishonored,2015,Action,Bethesda Softworks,0.12,0.21,0.02,0.06,0.42,1/1/2015
Mirror's Edge 2,2016,Platform,Electronic Arts,0.13,0.19,0.03,0.06,0.42,1/1/2016
Farming Simulator 2015,2015,Simulation,Koch Media,0.13,0.22,0,0.07,0.41,1/1/2015
Just Dance 2015,2014,Music,Ubisoft,0.21,0.13,0,0.07,0.41,1/1/2014
Sword Art Online: Hollow Realization,2016,Role-Playing,Namco Bandai Games,0.18,0.06,0.12,0.05,0.41,1/1/2016
Just Dance 2016,2015,Music,Ubisoft,0.19,0.13,0,0.07,0.39,1/1/2015
Batman: Arkham VR,2016,Action,Warner Bros. Interactive Entertainment,0.32,0,0,0.07,0.39,1/1/2016
Little Nightmares,2017,Platform,Namco Bandai Games,0.18,0.12,0.02,0.06,0.39,1/1/2017
Tropico 5,2015,Simulation,Kalypso Media,0.07,0.18,0.08,0.05,0.38,1/1/2015
Life is Strange,2016,Adventure,Square Enix,0.11,0.16,0.05,0.05,0.37,1/1/2016
Resident Evil Zero,2016,Action-Adventure,Capcom,0.07,0.18,0.07,0.05,0.37,1/1/2016
Yakuza Kiwami 2,2017,Action,Sega,0.08,0.06,0.19,0.03,0.37,1/1/2017
Vampyr,2018,Role-Playing,Focus Home Interactive,0.12,0.19,0,0.06,0.37,1/1/2018
Okami,2017,Action,Capcom,0.16,0.12,0.03,0.06,0.36,1/1/2017
Sniper: Ghost Warrior 3,2017,Shooter,City Interactive,0.14,0.15,0.03,0.06,0.36,1/1/2017
Hokuto ga Gotoku,2018,Action,Sega,0.09,0.05,0.18,0.03,0.36,1/1/2018
Sword Art Online: Lost Song,2015,Role-Playing,Namco Bandai Games,0.19,0.11,0,0.06,0.36,1/1/2015
Disgaea 5: Alliance of Vengeance,2015,Role-Playing,NIS America,0.15,0.08,0.07,0.05,0.35,1/1/2015
Dead or Alive 5,2015,Fighting,Tecmo Koei,0.09,0.13,0.09,0.04,0.35,1/1/2015
Gravity Rush 2,2017,Action-Adventure,Sony Interactive Entertainment,0.13,0.05,0.13,0.04,0.35,1/1/2017
Odin Sphere: Leifthrasir,2016,Role-Playing,NIS America,0.14,0.07,0.09,0.04,0.34,1/1/2016
Divinity: Original Sin,2015,Role-Playing,Focus Home Interactive,0.13,0.13,0.04,0.05,0.34,1/1/2015
The King of Fighters XIV,2016,Fighting,Deep Silver,0.21,0.02,0.06,0.05,0.34,1/1/2016
Dishonored: Death of the Outsider,2017,Action,Bethesda Softworks,0.1,0.18,0,0.05,0.33,1/1/2017
Valkyria Chronicles,2016,Role-Playing,Sega,0.14,0.08,0.08,0.04,0.33,1/1/2016
Murdered: Soul Suspect,2014,Action-Adventure,Square Enix,0.09,0.17,0.02,0.05,0.33,1/1/2014
Payday 2,2015,Shooter,505 Games,0.12,0.14,0,0.05,0.32,1/1/2015
UEFA Euro 2016,2016,Sports,Konami Digital Entertainment,0,0.22,0.05,0.04,0.31,1/1/2016
DmC: Devil May Cry,2015,Action,Capcom,0.12,0.13,0,0.05,0.31,1/1/2015
Sonic Mania,2017,Platform,Sega,0.1,0.15,0.01,0.05,0.31,1/1/2017
J Stars Victory Vs.,2015,Fighting,Namco Bandai Games,0.11,0.14,0,0.05,0.31,1/1/2015
XCOM 2,2016,Strategy,2K Games,0.16,0.1,0,0.05,0.31,1/1/2016
Dynasty Warriors 8: Xtreme Legends,2014,Misc,Tecmo Koei,0.09,0.12,0.06,0.04,0.31,1/1/2014
Cities: Skylines,2017,Simulation,Koch Media,0.15,0.07,0.04,0.05,0.3,1/1/2017
Saint Seiya: Soldiers' Soul,2015,Fighting,Namco Bandai Games,0,0.21,0.05,0.04,0.3,1/1/2015
Just Dance 2018,2017,Music,Ubisoft,0.1,0.15,0,0.05,0.3,1/1/2017
The Walking Dead: Season Two,2014,Misc,Square Enix,0.13,0.09,0.03,0.05,0.3,1/1/2014
Sword Art Online: Fatal Bullet,2018,Role-Playing,Namco Bandai Games,0.11,0.03,0.13,0.03,0.29,1/1/2018
Naruto to Boruto: Shinobi Striker,2018,Action,Bandai Namco Games,0.19,0.03,0.02,0.05,0.29,1/1/2018
Yooka-Laylee,2017,Platform,Sold Out,0.09,0.16,0,0.05,0.29,1/1/2017
Cars 3: Driven to Win,2017,Racing,Warner Bros. Interactive Entertainment,0.06,0.18,0.01,0.04,0.29,1/1/2017
Metal Gear Solid V: The Definitive Experience,2016,Action,Konami Digital Entertainment,0.13,0.08,0.03,0.04,0.29,1/1/2016
Sherlock Holmes: Crimes & Punishments,2014,Adventure,Focus Home Interactive,0.1,0.14,0,0.05,0.29,1/1/2014
Star Trek Bridge Crew VR,2017,Action,Ubisoft,0.11,0.12,0,0.05,0.28,1/1/2017
The Heavy Rain and Beyond: Two Souls Collection,2016,Action,Sony Computer Entertainment,0,0.24,0,0.04,0.28,1/1/2016
Spintires: MudRunner,2017,Simulation,Focus Home Interactive,0.11,0.12,0,0.05,0.28,1/1/2017
Onechanbara Z2: Chaos,2014,Action,NIS America,0.16,0.03,0.05,0.04,0.28,1/1/2014
Secret of Mana,2018,Role-Playing,Square Enix,0.06,0.12,0.05,0.04,0.28,1/1/2018
Gundam Versus,2017,Action,Namco Bandai Games,0.08,0,0.18,0.02,0.28,1/1/2017
NBA Live 14,2013,Sports,EA Sports,0.17,0.05,0,0.05,0.27,1/1/2013
Bravo Team VR,2018,Shooter,Sony Interactive Entertainment,0.12,0.09,0.02,0.04,0.27,1/1/2018
Killing Floor 2 ,2016,Shooter,Tripwire Interactive,0.19,0.03,0,0.05,0.27,1/1/2016
Robinson: The Journey,2016,Action-Adventure,Sony Interactive Entertainment,0.14,0.09,0,0.05,0.27,1/1/2016
DriveClub VR,2016,Racing,Sony Interactive Entertainment,0.12,0.09,0.01,0.04,0.27,1/1/2016
Fate/Extella: The Umbral Star,2016,Action,PQube,0.12,0,0.12,0.03,0.27,1/1/2016
Ultimate Marvel vs. Capcom 3,2017,Fighting,Capcom,0.19,0,0.02,0.04,0.26,1/1/2017
New Danganronpa V3: Minna no Koroshiai Shin Gakki,2017,Adventure,NIS America,0.09,0.05,0.07,0.03,0.25,1/1/2017
Samurai Warriors 4,2014,Fighting,Tecmo Koei,0.08,0.07,0.06,0.03,0.25,1/1/2014
Darksiders III,2018,Action,THQ Nordic,0.13,0.07,0,0.04,0.25,1/1/2018
NBA Live 15,2014,Sports,Electronic Arts,0.16,0.04,0,0.04,0.25,1/1/2014
NBA Live 18,2017,Sports,EA Sports,0.2,0,0,0.05,0.24,1/1/2017
Tearaway Unfolded,2015,Platform,Sony Computer Entertainment,0.07,0.13,0,0.04,0.24,1/1/2015
.hack//G.U. Last Recode,2017,Role-Playing,Namco Bandai Games,0.1,0.04,0.08,0.03,0.24,1/1/2017
Ride,2015,Racing,Milestone S.r.l.,0.04,0.13,0.03,0.03,0.24,1/1/2015
Just Dance 2017,2016,Misc,Ubisoft,0.08,0.12,0,0.04,0.24,1/1/2016
The Escapists 2,2017,Action,Sold Out,0.04,0.16,0,0.04,0.24,1/1/2017
Transformers: Devastation,2015,Action,Activision,0.11,0.09,0,0.04,0.24,1/1/2015
Darksiders II,2015,Action-Adventure,Nordic Games,0.1,0.1,0,0.04,0.24,1/1/2015
Jikkyou Powerful Pro Baseball 2016,2016,Sports,Konami Digital Entertainment,0,0,0.24,0,0.24,1/1/2016
The Elder Scrolls Online: Morrowind,2017,MMO,Bethesda Softworks,0.11,0.09,0,0.04,0.24,1/1/2017
Digimon World: Next Order,2017,Role-Playing,Namco Bandai Games,0.13,0.05,0.02,0.04,0.24,1/1/2017
theHunter: Call of the Wild,2017,Shooter,Astragon,0.19,0,0,0.04,0.24,1/1/2017
Tony Hawk's Pro Skater 5,2015,Sports,Activision,0.11,0.08,0,0.04,0.23,1/1/2015
Angry Birds: Star Wars,2013,Puzzle,Activision,0.11,0.09,0,0.04,0.23,1/1/2013
Elex,2017,Role-Playing,THQ Nordic,0.03,0.16,0,0.04,0.23,1/1/2017
RIGS: Mechanized Combat League,2016,Action,Sony Interactive Entertainment,0.11,0.06,0.02,0.04,0.23,1/1/2016
Transformer: Rise of the Dark Spark,2014,Shooter,Activision,0.08,0.11,0.01,0.04,0.23,1/1/2014
Dead Island Definitive Collection,2016,Action,Deep Silver,0.09,0.08,0.03,0.03,0.23,1/1/2016
Metal Gear Survive,2018,Action,Konami Digital Entertainment,0.08,0.06,0.05,0.03,0.23,1/1/2018
Singstar Celebration,2017,Music,Sony Interactive Entertainment,0.04,0.15,0,0.03,0.23,1/1/2017
Dead by Daylight,2017,Action,505 Games,0.11,0.06,0.02,0.04,0.22,1/1/2017
Attack on Titan 2,2018,Action,Koei Tecmo,0.09,0.04,0.06,0.03,0.22,1/1/2018
The Wolf Among Us,2014,Adventure,Telltale Games,0.11,0.07,0,0.04,0.22,1/1/2014
Micro Machines: World Series,2017,Racing,Codemasters,0.03,0.16,0,0.03,0.22,1/1/2017
Bladestorm: Nightmare,2015,Action,Tecmo Koei,0.11,0.04,0.03,0.03,0.22,1/1/2015
Zombie Army Trilogy,2015,Shooter,Rebellion Developments,0.06,0.13,0,0.03,0.22,1/1/2015
Outlast Trinity,2017,Action,Warner Bros. Interactive Entertainment,0.09,0.09,0,0.04,0.22,1/1/2017
EVE: Valkyrie,2016,Shooter,Sony Interactive Entertainment,0.11,0.06,0,0.04,0.21,1/1/2016
Senran Kagura: Peach Beach Splash,2017,Action,PQube,0.09,0.02,0.08,0.02,0.21,1/1/2017
Ys VIII: Lacrimosa of Dana,2017,Role-Playing,NIS America,0.08,0.04,0.08,0.02,0.21,1/1/2017
Bound By Flame,2014,Action,Focus Home Interactive,0.08,0.09,0,0.04,0.21,1/1/2014
NBA Live 16,2015,Sports,EA Sports,0.13,0.05,0,0.04,0.21,1/1/2015
7 Days to Die,2016,Action,Telltale Games,0.09,0.08,0,0.03,0.21,1/1/2016
Dynasty Warriors 8: Empires,2014,Misc,Tecmo Koei,0.07,0.07,0.04,0.03,0.21,1/1/2014
Dragon's Dogma,2017,Role-Playing,Capcom,0.07,0.07,0.03,0.03,0.21,1/1/2017
Godzilla (2015),2014,Action,Namco Bandai Games,0.11,0.03,0.03,0.03,0.2,1/1/2014
Eagle Flight,2016,Adventure,Ubisoft,0.09,0.08,0,0.03,0.2,1/1/2016
Agents of Mayhem,2017,Action,Deep Silver,0.08,0.08,0,0.03,0.2,1/1/2017
MotoGP 14 ,2014,Racing,Milestone S.r.l.,0.05,0.11,0,0.03,0.2,1/1/2014
Elite: Dangerous,2017,Simulation,Frontier Developments,0.06,0.1,0,0.03,0.19,1/1/2017
Singstar: Ultimate Party,2014,Music,Sony Computer Entertainment,0,0.16,0,0.03,0.19,1/1/2014
Toukiden Kiwami,2015,Action,Tecmo Koei,0.06,0.07,0.03,0.03,0.19,1/1/2015
Batman: A Telltale Game Series,2016,Adventure,Telltale Games,0.09,0.07,0,0.03,0.19,1/1/2016
The Surge,2017,Action,Koch Media,0.07,0.08,0.01,0.03,0.19,1/1/2017
MotoGP 15,2015,Racing,Milestone S.r.l.,0,0.13,0.04,0.02,0.18,1/1/2015
Resident Evil: Revelations,2017,Action,Capcom,0.06,0.06,0.04,0.02,0.18,1/1/2017
Senran Kagura: Estival Versus,2015,Action,Marvelous Interactive,0.08,0,0.09,0.02,0.18,1/1/2015
Back to the Future: The Game,2015,Adventure,Telltale Games,0.1,0.05,0,0.03,0.18,1/1/2015
The Walking Dead - The Telltale Series: A New Frontier,2017,Adventure,Warner Bros. Interactive Entertainment,0.11,0.04,0,0.03,0.17,1/1/2017
Resident Evil 6,2016,Shooter,Capcom,0.1,0,0.05,0.02,0.17,1/1/2016
Final Fantasy XIV: Heavensward,2015,MMO,Square Enix,0,0.09,0.06,0.02,0.17,1/1/2015
Final Fantasy XIV: Stormblood,2017,MMO,Square Enix,0.05,0.06,0.04,0.02,0.17,1/1/2017
Guilty Gear Xrd: Sign,2014,Fighting,Arc System Works,0.11,0,0.04,0.02,0.17,1/1/2014
Prototype: Biohazard Bundle,2016,Action,Activision,0.14,0,0,0.03,0.17,1/1/2016
BlazBlue Central Fiction,2016,Fighting,PQube,0.1,0,0.05,0.02,0.17,1/1/2016
MXGP 3: The Official Motocross Videogame,2017,Racing,Milestone,0.06,0.08,0,0.03,0.17,1/1/2017
Ride 2,2016,Racing,Milestone S.r.l,0.07,0.06,0.01,0.03,0.16,1/1/2016
Dead Rising 4,2017,Action-Adventure,Capcom,0.08,0.05,0,0.03,0.16,1/1/2017
Putty Squad,2013,Platform,System 3,0.06,0.07,0,0.03,0.16,1/1/2013
Digimon Story: Cyber Sleuth - Hacker's Memory,2017,Role-Playing,Namco Bandai Games,0.05,0.05,0.04,0.02,0.16,1/1/2017
Battlezone,2016,Action,Sony Interactive Entertainment,0.09,0.04,0,0.03,0.16,1/1/2016
Naruto Shippuden: Ultimate Ninja Storm Legacy,2017,Fighting,Namco Bandai Games,0.07,0.04,0.03,0.02,0.16,1/1/2017
Berserk and the Band of the Hawk,2016,Action,Tecmo Koei,0.07,0.02,0.05,0.02,0.16,1/1/2016
BlazBlue: Chrono Phantasma Extend,2015,Fighting,PQube,0.08,0.04,0.02,0.02,0.16,1/1/2015
Pillars of Eternity,2017,Role-Playing,Paradox Interactive ,0.11,0.02,0,0.03,0.16,1/1/2017
Valkyria: Azure Revolution,2017,Role-Playing,Deep Silver,0.04,0.03,0.07,0.02,0.16,1/1/2017
Gravity Rush Remastered,2015,Action-Adventure,Sony Computer Entertainment,0.02,0.06,0.05,0.02,0.16,1/1/2015
Psycho-Pass: Mandatory Happiness,2016,Visual Novel,NIS America,0.1,0.02,0,0.03,0.15,1/1/2016
Brothers: A Tale of Two Sons,2015,Adventure,505 Games,0.04,0.09,0,0.02,0.15,1/1/2015
Warriors Orochi 3,2014,Action,Tecmo Koei,0.04,0.05,0.04,0.02,0.15,1/1/2014
Wasteland 2,2015,Role-Playing,Deep Silver,0.1,0,0.03,0.02,0.15,1/1/2015
Atelier Sophie: The Alchemist of the Mysterious Book,2015,Role-Playing,Tecmo Koei,0.04,0.03,0.07,0.01,0.15,1/1/2015
NASCAR Heat Evolution,2016,Racing,Dusenberry Martin Racing,0.12,0,0,0.03,0.15,1/1/2016
Yakuza: Ishin,2014,Adventure,Sega,0,0,0.15,0,0.15,1/1/2014
Toukiden 2,2016,Action,Tecmo Koei,0.04,0,0.1,0.01,0.15,1/1/2016
Song of the Deep,2016,Action,Insomniac Games,0.12,0,0,0.03,0.15,1/1/2016
Super Robot Wars V,2017,Role-Playing,Namco Bandai Games,0,0,0.15,0,0.15,1/1/2017
Blue Reflection: Maboroshi ni Mau - Shoujo no Ken,2017,Role-Playing,Tecmo Koei,0.07,0,0.06,0.02,0.14,1/1/2017
Yonmegami Online: Cyber Dimension Neptune,2017,Role-Playing,Idea Factory International,0.06,0,0.07,0.01,0.14,1/1/2017
Grand Kingdom,2015,Role-Playing,NIS America,0.08,0,0.04,0.02,0.14,1/1/2015
Arslan: The Warriors of Legend,2016,Action,Tecmo Koei,0.03,0.04,0.06,0.01,0.14,1/1/2016
Pro Cycling Manager 2016,2016,Sports,Focus Home Interactive,0,0.12,0,0.02,0.14,1/1/2016
Shovel Knight,2015,Platform,Yacht Club Games,0.08,0.04,0,0.02,0.14,1/1/2015
Adventure Time: Finn & Jake Investigations,2015,Action,Little Orbit,0.07,0.05,0,0.02,0.14,1/1/2015
Guilty Gear Xrd -Revelator-,2016,Fighting,PQube,0.06,0,0.07,0.01,0.14,1/1/2016
We Happy Few,2018,Action-Adventure,Gearbox Software,0.08,0.04,0,0.02,0.14,1/1/2018
Rocksmith 2014 Edition Remastered,2016,Music,Ubisoft,0.11,0,0,0.03,0.14,1/1/2016
The Crew: Wild Run,2015,Racing,Ubisoft,0,0.12,0,0.02,0.14,1/1/2015
MXGP 2,2016,Racing,Milestone S.r.l.,0.05,0.06,0,0.02,0.14,1/1/2016
MotoGP 17,2017,Racing,Koch Media,0.04,0.07,0,0.02,0.14,1/1/2017
Fairy Fencer F: Advent Dark Force,2015,Role-Playing,Idea Factory International,0.06,0,0.06,0.01,0.14,1/1/2015
Samurai Warriors 4-II,2015,Action,Tecmo Koei,0.04,0.02,0.07,0.01,0.13,1/1/2015
The Golf Club,2014,Sports,Ravenscourt,0.09,0.02,0,0.02,0.13,1/1/2014
Hatsune Miku: Project Diva X,2016,Music,Sega,0.08,0,0.04,0.02,0.13,1/1/2016
NASCAR Heat 2,2017,Racing,505 Games,0.11,0,0,0.02,0.13,1/1/2017
Bulletstorm: Full Clip Edition,2017,Shooter,Gearbox Software,0.05,0.06,0,0.02,0.13,1/1/2017
Valentino Rossi: The Game,2016,Racing,Namco Bandai Games,0.05,0.05,0,0.02,0.13,1/1/2016
Golf Club 2,2017,Sports,Maximum Games,0.05,0.06,0,0.02,0.13,1/1/2017
Akiba's Trip 2,2014,Action,Acquire,0.09,0,0.02,0.02,0.13,1/1/2014
Rugby 15,2015,Sports,Bigben Interactive,0.05,0.06,0,0.02,0.13,1/1/2015
Utawarerumono: Futari no Hakuoro,2016,Visual Novel,Atlus,0.05,0,0.07,0.01,0.13,1/1/2016
The Legend of Heroes: Trails of Cold Steel III,2017,Role-Playing,Nihon Falcom Corporation,0,0,0.13,0,0.13,1/1/2017
Utawarerumono: Itsuwari no Kamen,2015,Adventure,Deep Silver,0.05,0,0.07,0.01,0.13,1/1/2015
The Inpatient,2018,Action,Sony Interactive Entertainment,0.06,0.05,0,0.02,0.13,1/1/2018
Don Bradman Cricket 14,2015,Sports,Tru Blu Entertainment,0.01,0.09,0,0.02,0.13,1/1/2015
Sword Art Online: Hollow Fragment,2015,Role-Playing,Namco Bandai Games,0,0.11,0,0.02,0.12,1/1/2015
Teenage Mutant Ninja Turtles: Mutants in Manhattan,2016,Action,Activision,0.07,0.03,0,0.02,0.12,1/1/2016
Job Simulator,2017,Simulation,Sony Interactive Entertainment,0.1,0,0,0.02,0.12,1/1/2017
Portal Knights,2017,Role-Playing,505 Games,0.02,0.05,0.03,0.01,0.12,1/1/2017
Samurai Warriors 4: Empires,2015,Action,Tecmo Koei,0.03,0.01,0.07,0.01,0.12,1/1/2015
Danganronpa 1o2 Reload,2017,Adventure,NIS America,0.08,0,0.02,0.02,0.12,1/1/2017
God Eater 2: Rage Burst,2015,Role-Playing,Namco Bandai Games,0,0.01,0.11,0,0.12,1/1/2015
America's Greatest Game Shows: Wheel of Fortune & Jeopardy!,2017,Misc,Ubisoft,0.1,0,0,0.02,0.12,1/1/2017
Marvel's Guardians of the Galaxy: The Telltale Series,2017,Adventure,Warner Bros. Interactive Entertainment,0.06,0.04,0,0.02,0.12,1/1/2017
Digimon Story: Cyber Sleuth,2016,Role-Playing,Namco Bandai Games,0,0.1,0,0.02,0.11,1/1/2016
Constructor HD,2017,Strategy,System 3,0.09,0,0,0.02,0.11,1/1/2017
Minecraft: Story Mode - Season Two,2017,Adventure,Telltale Games,0.09,0,0,0.02,0.11,1/1/2017
Darksiders: Warmastered Edition,2016,Action-Adventure,THQ Nordic,0.07,0.02,0,0.02,0.11,1/1/2016
Mighty No. 9,2016,Platform,Deep Silver,0.09,0,0,0.02,0.11,1/1/2016
The Invisible Hours,2017,Adventure,GameTrust,0.09,0,0,0.02,0.11,1/1/2017
Monster Energy Supercross - The Official Videogame,2018,Racing,Milestone S.r.l.,0.08,0.01,0,0.02,0.11,1/1/2018
The Idolmaster: Platinum Stars,2016,Simulation,Namco Bandai Games,0,0,0.11,0,0.11,1/1/2016
The Witch and the Hundred Knight,2015,Role-Playing,NIS America,0.03,0.01,0.06,0.01,0.11,1/1/2015
SD Gundam G Generation Genesis,2016,Strategy,Namco Bandai Games,0,0,0.11,0,0.11,1/1/2016
Rime,2017,Adventure,Grey Box,0.02,0.07,0,0.02,0.11,1/1/2017
Super Robot Wars OG: The Moon Dwellers,2016,Misc,Namco Bandai Games,0,0,0.11,0,0.11,1/1/2016
Gundam Breaker 3,2016,Action,Namco Bandai Games,0,0,0.11,0,0.11,1/1/2016
Earth Defense Force 2025.1: The Shadow of New Despair,2015,Shooter,D3Publisher,0,0,0.11,0,0.11,1/1/2015
Shadow Warrior (2013),2014,Shooter,Devolver Digital,0,0.09,0,0.02,0.11,1/1/2014
Assassin's Creed Chronicles,2016,Action,Ubisoft,0.02,0.05,0.02,0.01,0.11,1/1/2016
Mega Man Legacy Collection,2016,Platform,Capcom,0.09,0,0,0.02,0.11,1/1/2016
Pac-Man Championship Edition 2 + Arcade Game Series,2017,Action,Namco Bandai Games,0.08,0,0,0.02,0.1,1/1/2017
Tokyo Xanadu eX+,2016,Role-Playing,Nihon Falcom Corporation,0.05,0,0.05,0.01,0.1,1/1/2016
Stardew Valley,2017,Simulation,505 Games,0.04,0.04,0,0.02,0.1,1/1/2017
Romance of the Three Kingdoms 13,2015,Action,Tecmo Koei,0.03,0,0.06,0.01,0.1,1/1/2015
Musou Stars,2017,Action,Tecmo Koei,0.03,0,0.06,0.01,0.1,1/1/2017
Mega Man Legacy Collection 2,2017,Action,Capcom,0.06,0,0.02,0.01,0.1,1/1/2017
Final Fantasy XIV Online Complete Edition,2017,MMO,Square Enix,0.07,0,0.02,0.02,0.1,1/1/2017
Devil May Cry 4,2015,Action,Capcom,0.01,0,0.09,0,0.1,1/1/2015
Puyo Puyo Tetris,2014,Puzzle,Sega,0.05,0.03,0,0.02,0.1,1/1/2014
Natural Doctrine,2014,Role-Playing,NIS America,0.05,0.02,0.02,0.01,0.1,1/1/2014
Sudden Strike 4,2017,Strategy,Kalypso Media,0.05,0.03,0.01,0.02,0.1,1/1/2017
Accel World vs. Sword Art Online: Millennium Twilight,2017,Action,Namco Bandai Games,0,0.03,0.06,0.01,0.1,1/1/2017
Wolfenstein The Two Pack,2017,Shooter,Bethesda Softworks,0.08,0,0,0.02,0.1,1/1/2017
Guilty Gear Xrd REV 2,2017,Fighting,PQube,0.04,0.01,0.03,0.01,0.1,1/1/2017
Ultra Street Fighter IV,N/A,Fighting,,0,0.08,0,0.01,0.1,#VALUE!
Let's Sing 2016,2015,Music,Ravenscourt,0.08,0,0,0.02,0.1,1/1/2015
Resident Evil 4 HD,2016,Action-Adventure,Capcom,0.07,0,0.01,0.02,0.1,1/1/2016
Nights of Azure 2,2017,Action,Tecmo Koei,0.04,0,0.04,0.01,0.09,1/1/2017
The Technomancer,2016,Role-Playing,Focus Home Interactive,0.04,0.04,0,0.02,0.09,1/1/2016
Nights of Azure,2015,Action,Tecmo Koei,0.04,0.04,0,0.02,0.09,1/1/2015
Taiko no Tatsujin: Drum Session!,2017,Music,Namco Bandai Games,0,0,0.09,0,0.09,1/1/2017
Nobunaga's Ambition: Sphere of Influence - Sengoku Risshiden,2016,Strategy,Tecmo Koei,0.03,0,0.06,0.01,0.09,1/1/2016
Grand Ages: Medieval,2015,Strategy,Kalypso Media,0,0.05,0.03,0.01,0.09,1/1/2015
Rugby League Live 4,2017,Sports,Tru Blu Entertainment,0,0.08,0,0.01,0.09,1/1/2017
Toy Soldiers: War Chest,2015,Action,Ubisoft,0.07,0,0,0.02,0.09,1/1/2015
God Eater Resurrection,2015,Action,Namco Bandai Games,0,0,0.09,0,0.09,1/1/2015
Paragon,2016,Action,Sony Interactive Entertainment,0.07,0,0,0.02,0.09,1/1/2016
Summon Night 6: Lost Borders,2016,Role-Playing,Gaijinworks,0.03,0,0.05,0.01,0.09,1/1/2016
Black Rose Valkyrie,2016,Role-Playing,Idea Factory International,0.04,0,0.04,0.01,0.09,1/1/2016
Duke Nukem 3D: 20th Anniversary World Tour,2016,Shooter,Gearbox Software,0.07,0,0,0.02,0.09,1/1/2016
ATV Drift & Tricks,2017,Racing,Funbox Media,0.07,0,0,0.02,0.09,1/1/2017
Yoru no Nai Kuni,2015,Role-Playing,Tecmo Koei,0,0,0.09,0,0.09,1/1/2015
Lara Croft and the Temple of Osiris,2014,Action,Square Enix,0,0.07,0,0.01,0.09,1/1/2014
Dragon's Dogma Online,N/A,Role-Playing,,0,0,0.09,0,0.09,#VALUE!
Ghostbusters (2016),2016,Action,Activision,0.07,0,0,0.02,0.08,1/1/2016
Agatha Christie's The ABC Murders,2016,Adventure,Microids,0.05,0.02,0,0.02,0.08,1/1/2016
Shantae: Half-Genie Hero,2016,Platform,Xseed Games,0.06,0,0.01,0.01,0.08,1/1/2016
Earth Defense Force 4.1: The Shadow of New Despair,2015,Shooter,PQube,0.05,0.02,0,0.01,0.08,1/1/2015
The Sexy Brutale,2017,Adventure,Badland Studio,0.05,0.02,0,0.01,0.08,1/1/2017
Legend of Kay,2015,Action,Nordic Games,0.03,0.03,0,0.01,0.08,1/1/2015
Hasbro Family Fun Pack Conquest Edition,2016,Misc,Ubisoft,0.07,0,0,0.02,0.08,1/1/2016
Loading Human,2016,Adventure,Maximum Games,0.05,0.02,0,0.01,0.08,1/1/2016
Rapala Fishing Pro Series,2017,Simulation,GameMill,0.06,0,0,0.02,0.08,1/1/2017
Atelier Firis: The Alchemist of the Mysterious Journey,2016,Role-Playing,Tecmo Koei,0.02,0,0.05,0.01,0.08,1/1/2016
Dead Rising,2016,Action,Capcom,0.04,0,0.02,0.01,0.08,1/1/2016
Assetto Corsa,2016,Racing,505 Games,0,0.06,0.01,0.01,0.08,1/1/2016
Akiba's Beat,2016,Action,PQube,0.05,0,0.01,0.01,0.08,1/1/2016
WRC 6,2016,Racing,PQube,0.03,0.02,0.01,0.01,0.08,1/1/2016
God Wars: Future Past,2017,Role-Playing,NIS America,0.03,0.01,0.02,0.01,0.07,1/1/2017
Resident Evil 5 HD,2016,Action,Capcom,0.05,0,0.01,0.01,0.07,1/1/2016
The Witch and the Hundred Knights 2,2017,Role-Playing,Nippon Ichi Software,0.03,0,0.03,0.01,0.07,1/1/2017
Samurai Warriors: Sanada Maru,2016,Action,Tecmo Koei,0.02,0,0.05,0.01,0.07,1/1/2016
Project Setsuna,2016,Role-Playing,Square Enix,0,0,0.07,0,0.07,1/1/2016
Has-Been Heroes,2017,Action,GameTrust,0.06,0,0,0.01,0.07,1/1/2017
Fortune Street: Dragon Quest & Final Fantasy 30th Anniversary,2017,Misc,Square Enix,0,0,0.07,0,0.07,1/1/2017
Styx: Shards of Darknes,2017,Action,Focus Home Interactive,0.06,0,0,0.01,0.07,1/1/2017
Dead Rising 2,2016,Action,Capcom,0.04,0,0.02,0.01,0.07,1/1/2016
The Book of Unwritten Tales 2,2015,Adventure,Nordic Games,0,0.06,0,0.01,0.07,1/1/2015
Touhou Genso Rondo: Bullet Ballet,2016,Shooter,NIS America,0.06,0,0,0.01,0.07,1/1/2016
The Walking Dead: A Telltale Series Collection,2017,Adventure,Warner Bros. Interactive Entertainment,0.06,0,0,0.01,0.07,1/1/2017
The Silver Case,2017,Visual Novel,NIS America,0.05,0,0.01,0.01,0.07,1/1/2017
Hunting Simulator,2017,Shooter,Bigben Interactive,0.06,0,0,0.01,0.07,1/1/2017
WRC 7,2017,Racing,Bigben Interactive,0.06,0,0,0.01,0.07,1/1/2017
Kamen Rider: Battride War Genesis,2016,Action,Namco Bandai Games,0,0,0.07,0,0.07,1/1/2016
Le Tour de France 2017,2017,Simulation,Focus Home Interactive,0,0.06,0,0.01,0.07,1/1/2017
City Shrouded in Shadow,2017,Action-Adventure,Namco Bandai Games,0,0,0.07,0,0.07,1/1/2017
SG/ZH: School Girl/Zombie Hunter,2017,Action,Aksys Games,0.04,0,0.02,0.01,0.07,1/1/2017
Broken Sword 5: The Serpent's Curse,2015,Adventure,Revolution Software,0,0.06,0,0.01,0.07,1/1/2015
Terraria,2014,Action,505 Games,0,0.05,0.01,0.01,0.07,1/1/2014
Warhammer: The End Times - Vermintide,2016,Action,Games Workshop,0.03,0.03,0,0.01,0.07,1/1/2016
Batman: The Enemy Within,2017,Adventure,Telltale Games,0.05,0,0,0.01,0.07,1/1/2017
Atari Flashback Classics: Volume 1,2016,Misc,Atari,0.05,0,0,0.01,0.07,1/1/2016
Legend of Kay Anniversary,2015,Action,Nordic Games,0,0.06,0,0.01,0.07,1/1/2015
Steins;Gate 0,2015,Adventure,PQube,0,0,0.07,0,0.07,1/1/2015
ZombiU,2016,Action,Ubisoft,0,0.04,0.01,0.01,0.07,1/1/2016
Risen 3: Titan Lords,2015,Role-Playing,Deep Silver,0,0.06,0,0.01,0.07,1/1/2015
Mark McMorris Infinite Air,2016,Sports,Maximum Games,0.05,0,0,0.01,0.06,1/1/2016
Dead or Alive Xtreme 3: Fortune,2016,Sports,Tecmo Koei,0,0,0.06,0,0.06,1/1/2016
Birthdays the Beginning,2017,Misc,NIS America,0.05,0,0,0.01,0.06,1/1/2017
Rugby 18,2017,Sports,Koch Media,0.05,0,0,0.01,0.06,1/1/2017
The Binding of Isaac,2017,Misc,Nicalis,0.05,0,0,0.01,0.06,1/1/2017
Sherlock Holmes: The Devil's Daughter,2016,Adventure,Bigben Interactive,0.05,0,0,0.01,0.06,1/1/2016
Atelier Liddy and Soeur: Alchemists of the Mysterious Painting,2017,Role-Playing,Tecmo Koei,0.03,0,0.03,0.01,0.06,1/1/2017
MX vs. ATV Supercross Encore,2015,Sports,Nordic Games,0,0.05,0,0.01,0.06,1/1/2015
MX vs ATV Supercross Encore 2017 Track Edition,2017,Racing,THQ Nordic,0.05,0,0,0.01,0.06,1/1/2017
Sword Art Online: Game Director's Edition,2015,Role-Playing,Namco Bandai Games,0,0,0.06,0,0.06,1/1/2015
Deformers,2017,Action,Ready at Dawn,0.05,0,0,0.01,0.06,1/1/2017
Nobunaga no Yabou: Souzou,2014,Strategy,Tecmo Koei,0,0,0.06,0,0.06,1/1/2014
Dragon Quest X: All in One Package,2017,Role-Playing,Square Enix,0,0,0.06,0,0.06,1/1/2017
Yomawari: Midnight Shadows,2017,Action,NIS America,0.02,0,0.04,0,0.06,1/1/2017
Game of Thrones (Telltale),2015,Adventure,Telltale Games,0.05,0,0,0.01,0.06,1/1/2015
Atari Flashback Classics: Volume 2,2016,Misc,Atari,0.05,0,0,0.01,0.06,1/1/2016
Outcast: Second Contact,2017,Adventure,Maximum Games,0.05,0,0,0.01,0.06,1/1/2017
Cartoon Network Battle Crashers,2016,Action,Maximum Games,0.05,0,0,0.01,0.06,1/1/2016
Handball 16,2015,Sports,Bigben Interactive,0,0.05,0,0.01,0.06,1/1/2015
Extinction,2018,Action,Maximum Games,0.05,0,0,0.01,0.06,1/1/2018
Rugby World Cup 2015,2015,Sports,Big Ben Interactive,0,0.05,0,0.01,0.06,1/1/2015
Exist Archive: The Other Side of the Sky,2015,Role-Playing,Aksys Games,0.02,0,0.03,0,0.06,1/1/2015
King's Quest: The Complete Collection,2016,Adventure,Activision,0.05,0,0,0.01,0.06,1/1/2016
Sine Mora,2017,Action,THQ Nordic,0.03,0.01,0,0.01,0.06,1/1/2017
Aven Colony,2017,Strategy,Sold Out,0.04,0.01,0,0.01,0.06,1/1/2017
Battle Chasers: Nightwar,2017,Role-Playing,THQ Nordic,0.03,0.02,0,0.01,0.06,1/1/2017
WRC 5: FIA World Rally Championship,2015,Racing,Bigben Interactive,0,0.05,0,0.01,0.06,1/1/2015
Black Mirror,2017,Adventure,THQ Nordic,0.04,0,0,0.01,0.05,1/1/2017
Touhou Genso Wanderer,2017,Action,NIS America,0.04,0,0,0.01,0.05,1/1/2017
Arcania: Gothic 4,2015,Role-Playing,Nordic Games,0.04,0,0,0.01,0.05,1/1/2015
Starblood Arena VR,2017,Shooter,Sony Interactive Entertainment,0.04,0,0,0.01,0.05,1/1/2017
Hellblade,2018,Action-Adventure,505 Games,0.03,0.01,0,0.01,0.05,1/1/2018
Bubsy: The Woolies Strike Back,2017,Platform,Accolade,0.04,0,0,0.01,0.05,1/1/2017
Nitroplus Blasterz: Heroines Infinite Duel,2015,Fighting,Marvelous Interactive,0.01,0.01,0.03,0,0.05,1/1/2015
Nobunaga's Ambition: Creation,2014,Strategy,Tecmo Koei,0.04,0,0,0.01,0.05,1/1/2014
Child of Light,2014,Role-Playing,Ubisoft,0,0.01,0.04,0,0.05,1/1/2014
Phantasy Star Online 2 Episode 4: Deluxe Package,2017,Role-Playing,Sega,0,0,0.05,0,0.05,1/1/2017
Saints Row: Gat out of Hell,2015,Action,Deep Silver,0,0.04,0,0.01,0.05,1/1/2015
Werewolves Within,2016,Misc,Ubisoft,0.04,0,0,0.01,0.05,1/1/2016
Demon Gaze 2,2017,Role-Playing,NIS America,0.04,0,0,0.01,0.05,1/1/2017
Real Farm,2017,Simulation,Soedesco,0.04,0,0,0.01,0.05,1/1/2017
Worms: WMD,2016,Strategy,Team17 Digital Ltd,0.02,0.02,0,0.01,0.05,1/1/2016
Syberia III,2017,Adventure,Microids,0.04,0,0,0.01,0.05,1/1/2017
Sengoku Basara: Sanada Yukimura-Den,2016,Action,Capcom,0,0,0.05,0,0.05,1/1/2016
Sengoku Basara 4: Sumeragi,2015,Action,Capcom,0,0,0.05,0,0.05,1/1/2015
SÅEbastien Loeb Rally Evo,2016,Racing,Milestone S.r.l,0,0.04,0,0.01,0.05,1/1/2016
Don't Starve,2018,Adventure,505 Games,0.04,0,0,0.01,0.05,1/1/2018
Monster Jam: Crush It,2016,Racing,GameMill,0.04,0,0,0.01,0.05,1/1/2016
Prison Architect,2016,Simulation,Introversion Software,0.02,0.02,0,0.01,0.05,1/1/2016
Assault Suit Leynos,2016,Shooter,Rising Star Games,0.04,0,0,0.01,0.05,1/1/2016
Tokyo Twilight Ghost Hunters Daybreak: Special Gigs,2016,Adventure,NIS America,0.04,0,0,0.01,0.05,1/1/2016
Overcooked,2016,Action,Sold Out,0.04,0,0,0.01,0.05,1/1/2016
Ben 10 (2017),2017,Action,Outright Games,0.04,0,0,0.01,0.05,1/1/2017
Dead Alliance,2017,Shooter,Maximum Games,0.04,0,0,0.01,0.04,1/1/2017
Deer Hunter Reloaded,2017,Shooter,Maximum Games,0.04,0,0,0.01,0.04,1/1/2017
That's You,2017,Party,Sony Interactive Entertainment,0.04,0,0,0.01,0.04,1/1/2017
Raid: World War II,2017,Shooter,505 Games,0.04,0,0,0.01,0.04,1/1/2017
Hyperdimension Neptunia Victory II,2015,Role-Playing,Idea Factory International,0,0,0.04,0,0.04,1/1/2015
Zero Escape The Nonary Games,2017,Adventure,Aksys Games,0.03,0,0.01,0.01,0.04,1/1/2017
Rugby Challenge 3,2016,Sports,Alternative Software,0,0.04,0,0.01,0.04,1/1/2016
Vikings: Wolves of Midgard,2017,Action,Kalypso Media,0.03,0.01,0,0.01,0.04,1/1/2017
INSIDE / LIMBO Double Pack,2017,Platform,505 Games,0.04,0,0,0.01,0.04,1/1/2017
The Talos Principle,2015,Puzzle,Nighthawk Interactive,0,0.04,0,0.01,0.04,1/1/2015
Megadimension Neptunia VIIR,2017,Role-Playing,Compile Heart,0.01,0,0.03,0,0.04,1/1/2017
R.B.I. Baseball 2016,2016,Sports,MLB.com,0.04,0,0,0.01,0.04,1/1/2016
Pure Farming 2018,2018,Simulation,Techland,0.02,0.01,0,0.01,0.04,1/1/2018
Air Conflicts: Secret Wars,2016,Simulation,Nighthawk Interactive,0.03,0,0,0.01,0.04,1/1/2016
Anima - Gate of Memories,2016,Action,Avanquest,0.01,0.02,0,0.01,0.04,1/1/2016
Axiom Verge,2017,Action,Badland Studio,0.03,0,0,0.01,0.04,1/1/2017
Unbox: Newbie's Adventure,2017,Action,Merge Games,0.03,0,0,0.01,0.04,1/1/2017
Here They Lie,2016,Adventure,Sony Interactive Entertainment,0,0.03,0,0.01,0.04,1/1/2016
Under Night In-Birth Exe:Latest,2017,Fighting,Arc System Works,0.01,0,0.03,0,0.04,1/1/2017
Aragami,2016,Action,Maximum Games,0.03,0,0,0.01,0.04,1/1/2016
Yonder: The Cloud Catcher Chronicles,2017,Action,CokeM Interactive,0.03,0,0,0.01,0.04,1/1/2017
Assassin's Creed Chronicles: China,2015,Action-Adventure,Ubisoft,0,0.03,0,0.01,0.04,1/1/2015
JoJo's Bizarre Adventure: Eyes of Heaven,2015,Fighting,Namco Bandai Games,0,0,0.04,0,0.04,1/1/2015
Dungeons 3,2017,Strategy,Kalypso Media,0.03,0,0,0.01,0.04,1/1/2017
Tour de France 2014,2014,Sports,Focus Home Interactive,0,0.03,0,0.01,0.04,1/1/2014
Danganronpa Another Episode: Ultra Despair Girls,2017,Shooter,NIS America,0.03,0,0.01,0.01,0.04,1/1/2017
Aegis of Earth: Protonovus Assault,2016,Action,PQube,0.03,0.01,0,0.01,0.04,1/1/2016
Just Sing,2016,Music,Ubisoft,0.03,0,0,0.01,0.04,1/1/2016
Wonder Boy: The Dragon's Trap (Remake),2018,Platform,Nicalis,0.03,0,0,0.01,0.04,1/1/2018
Lumo,2016,Puzzle,Rising Star Games,0.03,0,0,0.01,0.04,1/1/2016
ABZU,2017,Adventure,505 Games,0.03,0,0,0.01,0.04,1/1/2017
Shadow Tactics: Blades of the Shogun,2017,Strategy,Kalypso Media,0.02,0.01,0,0.01,0.04,1/1/2017
Darkest Dungeon,2018,Role-Playing,Merge Games,0.02,0,0.01,0.01,0.04,1/1/2018
R.B.I. Baseball 2017,2017,Sports,MLB.com,0.03,0,0,0.01,0.04,1/1/2017
Punch Line,2015,Adventure,5pb,0.03,0,0,0.01,0.04,1/1/2015
VR Karts,2017,Racing,Perp Games,0.03,0,0,0.01,0.04,1/1/2017
Resident Evil: Umbrella Corps,2016,Shooter,Capcom,0,0,0.04,0,0.04,1/1/2016
Marvel Pinball: Epic Collection Volume 1,2016,Puzzle,Nighthawk Interactive,0.03,0,0,0.01,0.04,1/1/2016
God Eater Off Shot: Lindow-hen Twin Pack & Animation Vol. 2,2015,Misc,Namco Bandai Games,0,0,0.04,0,0.04,1/1/2015
Infamous: First Light,2014,Action,Sony Computer Entertainment,0,0.03,0,0,0.03,1/1/2014
Raiden V,2017,Action,UFO Interactive,0.02,0,0,0.01,0.03,1/1/2017
The Peanuts Movie: Snoopy's Grand Adventure,2015,Platform,Activision,0,0.03,0,0,0.03,1/1/2015
The Dwarves,2016,Role-Playing,THQ Nordic,0.03,0,0,0.01,0.03,1/1/2016
Dynasty Warriors: Eiketsuden,2016,Strategy,Tecmo Koei,0,0,0.03,0,0.03,1/1/2016
Winning Post 8 2016,2016,Simulation,Tecmo Koei,0,0,0.03,0,0.03,1/1/2016
Dragon's Dogma Online: Season 2,2016,Action,Capcom,0,0,0.03,0,0.03,1/1/2016
Coven and Labyrinth of Refrain,2017,Action,Nippon Ichi Software,0.01,0,0.01,0,0.03,1/1/2017
Super Dungeon Bros,2016,Action,Wired Productions,0.02,0,0,0.01,0.03,1/1/2016
Blade Arcus from Shining EX,2015,Fighting,Sega,0,0,0.03,0,0.03,1/1/2015
Troll and I,2017,Action,Maximum Games,0.02,0,0,0.01,0.03,1/1/2017
The Pillars of the Earth,2017,Adventure,Kalypso Media,0.02,0,0,0.01,0.03,1/1/2017
The Lost Child,2017,Action,Kadokawa Games,0.01,0,0.01,0,0.03,1/1/2017
Romance of the Three Kingdoms 13 with Power-Up Kit,2017,Misc,Tecmo Koei,0,0,0.03,0,0.03,1/1/2017
Koihime Enbu,2016,Fighting,Yeti,0,0,0.03,0,0.03,1/1/2016
Road Rage,2017,Racing,Maximum Games,0.02,0,0,0.01,0.03,1/1/2017
Winning Post 8 2017,2017,Misc,Tecmo Koei,0,0,0.03,0,0.03,1/1/2017
Dino Dini's Kick Off Revival,2016,Sports,Avanquest,0,0.02,0,0,0.03,1/1/2016
God Eater Off Shot:Shiou-hen Twin Pack & Animation Vol.5,2016,Misc,Namco Bandai Games,0,0,0.03,0,0.03,1/1/2016
Tumblestone,2016,Puzzle,Nighthawk Interactive,0.02,0,0,0.01,0.03,1/1/2016
Blackguards 2,2017,Strategy,Kalypso Media,0.02,0,0,0.01,0.03,1/1/2017
Baja: Edge of Control HD,2017,Racing,THQ Nordic,0.02,0,0,0.01,0.03,1/1/2017
Crows: Burning Edge,2016,Action,Namco Bandai Games,0,0,0.03,0,0.03,1/1/2016
Geometry Wars 3: Dimensions Evolved,2016,Action,Activision,0.02,0,0,0.01,0.03,1/1/2016
We Sing (2016),2016,Music,THQ Nordic,0.02,0,0,0.01,0.03,1/1/2016
Shin Hayarigami 2,2016,Adventure,Nippon Ichi Software,0,0,0.03,0,0.03,1/1/2016
The Town of Light,2017,Adventure,Wired Productions,0.02,0,0,0.01,0.03,1/1/2017
OlliOlli: Epic Combo Edition,2016,Platform,Badland Studio,0.02,0,0,0.01,0.03,1/1/2016
Naruto Shippuden Ultimate Ninja Storm 4: Road to Boruto,2017,Fighting,Namco Bandai Games,0,0,0.03,0,0.03,1/1/2017
This War of Mine,N/A,Action,,0,0.02,0,0,0.03,#VALUE!
Ao no Kanata no Four Rhythm,2017,Visual Novel,Sprite,0,0,0.03,0,0.03,1/1/2017
Zero Escape: Zero Time Dilemma,2017,Adventure,Aksys Games,0.02,0,0,0,0.03,1/1/2017
AereA,2017,Role-Playing,Soedesco,0.02,0,0,0,0.03,1/1/2017
Root Letter,2016,Visual Novel,PQube,0,0,0.03,0,0.03,1/1/2016
ClaDun Sengoku,2017,Action,NIS America,0.02,0,0,0,0.03,1/1/2017
The Girl and the Robot,2017,Misc,Soedesco,0.02,0,0,0,0.03,1/1/2017
Omega Quintet,2014,Role-Playing,Compile Heart,0,0,0.02,0,0.03,1/1/2014
Touhou Kobuto V: Burst Battle,2017,Shooter,NIS America,0.02,0,0,0,0.03,1/1/2017
God Eater Off Shot: Soma Shikkuzaru-hen Twin Pack & Animation Vol.4,2016,Action,Namco Bandai Games,0,0,0.02,0,0.02,1/1/2016
Rugby League Live 3,2015,Sports,Tru Blu Entertainment,0,0.02,0,0,0.02,1/1/2015
Omega Labyrinth Z,2017,Role-Playing,D3Publisher,0,0,0.02,0,0.02,1/1/2017
Lost Sphear,2017,Role-Playing,Square Enix,0,0,0.02,0,0.02,1/1/2017
Superbeat: Xonic,2017,Music,PM Studios,0.02,0,0,0,0.02,1/1/2017
Republique,2016,Action-Adventure,Gunho Online Entertainment,0,0.01,0.01,0,0.02,1/1/2016
Super Stardust Ultra VR,2016,Shooter,Sony Interactive Entertainment,0,0.02,0,0,0.02,1/1/2016
Redout,2017,Racing,505 Games,0.02,0,0,0,0.02,1/1/2017
Resident Evil: Value Pack,2016,Action-Adventure,Capcom,0,0,0.02,0,0.02,1/1/2016
God Eater Off Shot: Tachibana Sakuya-hen Twin Pack & Animation Vol.7,2016,Action,Namco Bandai Games,0,0,0.02,0,0.02,1/1/2016
PaRappa the Rapper Remastered,2017,Music,Sony Interactive Entertainment,0,0,0.02,0,0.02,1/1/2017
Earth's Dawn,2016,Action,Rising Star Games,0.02,0,0,0,0.02,1/1/2016
Big Buck Hunter Arcade,2016,Shooter,GameMill Entertainment,0.02,0,0,0,0.02,1/1/2016
Dungeons 2,2016,Role-Playing,Kalypso Media,0.02,0,0,0,0.02,1/1/2016
Tricky Towers,2017,Puzzle,Soedesco,0.02,0,0,0,0.02,1/1/2017
No Heroes Allowed! VR,2017,Strategy,Sony Interactive Entertainment,0,0,0.02,0,0.02,1/1/2017
ArmaGallant: Decks of Destiny,2017,Strategy,Maximum Games,0.02,0,0,0,0.02,1/1/2017
Carmageddon: Max Damage,2016,Action,Stainless Games,0.02,0,0,0,0.02,1/1/2016
Armello,2018,Strategy,League of Geeks,0.02,0,0,0,0.02,1/1/2018
Shaq-Fu: A Legend Reborn,2018,Action,Wired Productions,0.02,0,0,0,0.02,1/1/2018
Patapon Remastered,2017,Music,Sony Interactive Entertainment,0,0,0.02,0,0.02,1/1/2017
Monster Hunter Frontier Z: Beginner's Package,2016,Action,Capcom,0,0,0.02,0,0.02,1/1/2016
Professional Farmer 2016,2015,Action,Namco Bandai Games,0,0.02,0,0,0.02,1/1/2015
Natsuiro High School: Seishun Hakusho,2015,Action,D3Publisher,0,0,0.02,0,0.02,1/1/2015
The Inner World: The Last Wind Monk,2017,Puzzle,Kalypso Media,0.02,0,0,0,0.02,1/1/2017
SteamWorld Collection,2016,Misc,Rising Star Games,0.02,0,0,0,0.02,1/1/2016
Konoyo no Hate de Koi o Utau Shoujo: Yu-No,2017,Visual Novel,5pb,0,0,0.02,0,0.02,1/1/2017
God Eater Off Shot: Fujiki Kota-hen Twin Pack & Animation Vol.6,2016,Misc,Namco Bandai Games,0,0,0.02,0,0.02,1/1/2016
Genkai Tokki: Castle Panzers,2017,Role-Playing,Compile Heart,0,0,0.02,0,0.02,1/1/2017
Skullgirls: 2nd Encore,2016,Fighting,Arc System Works,0,0,0.02,0,0.02,1/1/2016
This Is The Police,2017,Simulation,THQ Nordic,0.01,0,0,0,0.02,1/1/2017
Rabbids Invasion: The Interactive TV Show,2014,Misc,Ubisoft,0,0.01,0,0,0.02,1/1/2014
FlatOut 4: Total Insanity,2017,Racing,Bigben Interactive,0.01,0,0,0,0.02,1/1/2017
Chaos;Child,2015,Visual Novel,PQube,0,0,0.02,0,0.02,1/1/2015
Touhou Shinhiroku: Urban Legend in Limbo,2016,Fighting,Mediascape,0,0,0.02,0,0.02,1/1/2016
Rogue Trooper: Redux,2017,Shooter,Rebellion,0.01,0,0,0,0.02,1/1/2017
Space Hulk: Deathwing,2015,Shooter,Focus Home Interactive,0,0.01,0,0,0.02,1/1/2015
Pharaonic,2017,Action,Soedesco,0.01,0,0,0,0.02,1/1/2017
White Day,2017,Action,PQube,0,0.01,0.01,0,0.02,1/1/2017
Torment: Tides of Numenera,2017,Role-Playing,Techland,0.01,0,0,0,0.01,1/1/2017
Let It Die,2017,Action,GungHo,0,0.01,0.01,0,0.01,1/1/2017
Summer Lesson: Miyamoto Hikari Collection,2017,Adventure,Namco Bandai Games,0,0,0.01,0,0.01,1/1/2017
Raven's Cry,2015,Role-Playing,TopWare Interactive,0,0.01,0,0,0.01,1/1/2015
New Game! The Challenge Stage!,2017,Adventure,5pb,0,0,0.01,0,0.01,1/1/2017
Hakoniwa Company Works,2017,Strategy,Nippon Ichi Software,0,0,0.01,0,0.01,1/1/2017
DJ Max Respect,2017,Misc,Arc System Works,0,0,0.01,0,0.01,1/1/2017
Battle Worlds: Kronos,2016,Strategy,Nordic Games,0.01,0,0,0,0.01,1/1/2016
Dragon's Dogma Online: Season 3,2017,Role-Playing,Capcom,0,0,0.01,0,0.01,1/1/2017
Occultic;Nine,2017,Adventure,5pb,0,0,0.01,0,0.01,1/1/2017
Kono Subarashii Sekai ni Shukufuku o! Kono Yokubukai Game ni Shinpan o!,2017,Adventure,5pb,0,0,0.01,0,0.01,1/1/2017
Battle Garegga Rev.2016,2016,Strategy,M2,0,0,0.01,0,0.01,1/1/2016
Yahari Game Demo Ore no Seishun Love-Kome wa Machigatteiru. & Zoku: Oatome Set,2017,Adventure,5pb,0,0,0.01,0,0.01,1/1/2017
Farming 2017 - The Simulation,2016,Simulation,UIG Entertainment,0,0.01,0,0,0.01,1/1/2016
Re:Zero - Kara Hajimeru Isekai Seikatsu - Death or Kiss,2017,Adventure,5pb,0,0,0.01,0,0.01,1/1/2017
Zombie Vikings,2016,Action,Rising Star Games,0,0.01,0,0,0.01,1/1/2016
ATV Renegades,2017,Racing,Nighthawk Interactive,0.01,0,0,0,0.01,1/1/2017
Ziggurat,2016,Shooter,Soedesco,0,0.01,0,0,0.01,1/1/2016
Chaos;Child: Love Chu Chu!!,2017,Visual Novel,5pb,0,0,0.01,0,0.01,1/1/2017
Moto Racer 4,2016,Racing,PQube,0.01,0,0,0,0.01,1/1/2016
LocoRoco Remastered,2017,Platform,Sony Interactive Entertainment,0,0,0.01,0,0.01,1/1/2017
Lock's Quest,2017,Strategy,THQ Nordic,0.01,0,0,0,0.01,1/1/2017
Gal Gun: Double Peace,2015,Action,PQube,0,0,0.01,0,0.01,1/1/2015
Woodcutter Simulator 2016,2015,Action,Namco Bandai Games,0,0.01,0,0,0.01,1/1/2015
Akiba's Trip 2+A,2017,Adventure,Acquire,0,0,0.01,0,0.01,1/1/2017
Date-A-Live Twin Edition: Rio Reincarnation,2017,Adventure,Compile Heart,0,0,0.01,0,0.01,1/1/2017
Valhalla Hills,2017,Strategy,Kalypso Media,0.01,0,0,0,0.01,1/1/2017
Deception IV: Blood Ties,2015,Action,Tecmo Koei,0,0,0.01,0,0.01,1/1/2015
One Piece: Unlimited World Red,2017,Action,Namco Bandai Games,0,0,0.01,0,0.01,1/1/2017
Hyper Light Drifter,2017,Role-Playing,Active Gaming Media,0,0,0.01,0,0.01,1/1/2017
Teslagrad,2014,Platform,Rain Games,0,0.01,0,0,0.01,1/1/2014
Darius Burst: Chronicle Saviours,2017,Action,Kadokawa Games,0,0,0.01,0,0.01,1/1/2017
The Escapists: The Walking Dead,2016,Action,Team17 Software,0,0,0,0,0.01,1/1/2016
Super Meat Boy,2016,Platform,Team Meat,0,0,0,0,0.01,1/1/2016
Blood Bowl 2,2015,Sports,Focus Home Interactive,0,0,0,0,0,1/1/2015
The Witness,2016,Misc,"Thekla, Inc.",0,0,0,0,0,1/1/2016
Quantic Dream Collection,2015,Action,Sony Computer Entertainment,0,0,0,0,0,1/1/2015
Iwaihime: Matsuri,2017,Adventure,Nippon Ichi Software,0,0,0,0,0,1/1/2017
RepKiss,2017,Adventure,Entergram,0,0,0,0,0,1/1/2017
War Thunder,2017,Action,DMM Games,0,0,0,0,0,1/1/2017
Tsuihou Senkyo,2017,Adventure,Nippon Ichi Software,0,0,0,0,0,1/1/2017
Hustle Kings VR,2016,Sports,Sony Interactive Entertainment,0,0,0,0,0,1/1/2016
Toki Tori 2+,2016,Puzzle,Two Tribes,0,0,0,0,0,1/1/2016
Deception IV: The Nightmare Princess,2015,Action,Tecmo Koei,0,0,0,0,0,1/1/2015
Kingdom Hearts HD I.5 + II.5 ReMIX,2017,Action,Square Enix,0,0,0,0,0,1/1/2017
Fushigi no Chronicle: Furikaerimasen Katsu Madewa,2015,Action,Spike Chunsoft,0,0,0,0,0,1/1/2015
A Boy and His Blob,N/A,Platform,,0,0,0,0,0,#VALUE!
Agatha Christie: The ABC Murders,2016,Adventure,Microids,0,0,0,0,0,1/1/2016
Ancients of Ooga - The Forgotten Chapters,2016,Platform,Koch Media,0,0,0,0,0,1/1/2016
Another World,N/A,Adventure,,0,0,0,0,0,#VALUE!
Ape Escape 2,N/A,Platform,,0,0,0,0,0,#VALUE!
Bee Tap Extreme,N/A,Action,,0,0,0,0,0,#VALUE!
Blacklight: Retribution,2013,Misc,Perfect World Entertainment,0,0,0,0,0,1/1/2013
Bladestorm: The Hundred Years' War,2015,Action,BioWare,0,0,0,0,0,1/1/2015
Brothers in Arms: Furious 4,2019,Shooter,Ubisoft,0,0,0,0,0,1/1/2019
Cel Damage,N/A,Misc,,0,0,0,0,0,#VALUE!
Woolfe: The Red Hood Diaries,N/A,Adventure,,0,0,0,0,0,#VALUE!
Dark Cloud 2,N/A,Role-Playing,,0,0,0,0,0,#VALUE!
DC Universe Online,2013,MMO,Sony Online Entertainment,0,0,0,0,0,1/1/2013
Fez,N/A,Misc,,0,0,0,0,0,#VALUE!
Guardian Knight,N/A,Misc,,0,0,0,0,0,#VALUE!
Heavy Rain,N/A,Adventure,,0,0,0,0,0,#VALUE!
Industry Giant II,2017,Strategy,UIG Entertainment,0,0,0,0,0,1/1/2017
King's Quest I: Quest for the Crown (VGA Version),N/A,Misc,,0,0,0,0,0,#VALUE!
Kingdom Under Fire II,2014,Misc,Unknown,0,0,0,0,0,1/1/2014
Ladybug Puzzle,N/A,Misc,,0,0,0,0,0,#VALUE!
Maniac Mansion: Day of the Tentacle,N/A,Adventure,,0,0,0,0,0,#VALUE!
Metal Slug 3,N/A,Shooter,,0,0,0,0,0,#VALUE!
Mount & Blade: Warband,2016,Role-Playing,Taleworlds,0,0,0,0,0,1/1/2016
Pier Solar and the Great Architects,N/A,Role-Playing,,0,0,0,0,0,#VALUE!
Piggy Adventure,N/A,Misc,,0,0,0,0,0,#VALUE!
PlanetSide 2,N/A,Shooter,,0,0,0,0,0,#VALUE!
Psychonauts,2017,Action,Sony Interactive Entertainment,0,0,0,0,0,1/1/2017
Resident Evil 5,2016,Action,Capcom,0,0,0,0,0,1/1/2016
Sound Shapes,N/A,Misc,,0,0,0,0,0,#VALUE!
Star Ocean: Till The End of Time,N/A,Role-Playing,,0,0,0,0,0,#VALUE!
Super Motherload,N/A,Misc,,0,0,0,0,0,#VALUE!
The Amazing Spider-Man 2,2014,Misc,Activision,0,0,0,0,0,1/1/2014
The King of Fighters 2000,N/A,Fighting,,0,0,0,0,0,#VALUE!
Rack N Ruin,N/A,Adventure,,0,0,0,0,0,#VALUE!
Ether One,2015,Adventure,Soedesco,0,0,0,0,0,1/1/2015
Uncharted 2: Among Thieves,2016,Action,Sony Interactive Entertainment,0,0,0,0,0,1/1/2016
Uncharted 3: Drake's Deception,2016,Action,Sony Interactive Entertainment,0,0,0,0,0,1/1/2016
Uncharted Waters Online: Gran Atlas,N/A,Role-Playing,,0,0,0,0,0,#VALUE!
Uncharted: Drake's Fortune,2016,Action,Sony Interactive Entertainment,0,0,0,0,0,1/1/2016
Werewolves vs Vampires,N/A,Misc,,0,0,0,0,0,#VALUE!
Awesomenauts,2014,Misc,DTP Entertainment,0,0,0,0,0,1/1/2014
Dust: An Elysian Tail,N/A,Platform,,0,0,0,0,0,#VALUE!
Skullgirls,N/A,Fighting,,0,0,0,0,0,#VALUE!
flower,N/A,Adventure,,0,0,0,0,0,#VALUE!
Gran Turismo HD Concept,N/A,Misc,,0,0,0,0,0,#VALUE!
PixelJunk Shooter,N/A,Shooter,,0,0,0,0,0,#VALUE!
PixelJunk Shooter 2,N/A,Misc,,0,0,0,0,0,#VALUE!
Rainbow Moon,N/A,Role-Playing,,0,0,0,0,0,#VALUE!
Dear Esther,N/A,Adventure,,0,0,0,0,0,#VALUE!
Oddworld: Abe's Oddysee New N' Tasty!,N/A,Misc,,0,0,0,0,0,#VALUE!
Broken Age,2015,Adventure,Nordic Games,0,0,0,0,0,1/1/2015
Apotheon,N/A,Platform,,0,0,0,0,0,#VALUE!
Two Brothers,N/A,Role-Playing,,0,0,0,0,0,#VALUE!
Slender: The Arrival,2015,Adventure,Unknown,0,0,0,0,0,1/1/2015
deep down (Working Title),2020,Misc,Capcom,0,0,0,0,0,1/1/2020
Hotline Miami,N/A,Action,,0,0,0,0,0,#VALUE!
The Unfinished Swan,N/A,Adventure,,0,0,0,0,0,#VALUE!
Human Element,2015,Misc,Unknown,0,0,0,0,0,1/1/2015
Whore of the Orient,2020,Misc,Warner Bros. Interactive Entertainment,0,0,0,0,0,1/1/2020
Cyberpunk 2077,2018,Action-Adventure,CD Projekt Red Studio,0,0,0,0,0,1/1/2018
Final Fantasy (PS4),2020,Misc,Square Enix,0,0,0,0,0,1/1/2020
Transistor,N/A,Role-Playing,,0,0,0,0,0,#VALUE!
The Swapper,N/A,Misc,,0,0,0,0,0,#VALUE!
Outlast,N/A,Misc,,0,0,0,0,0,#VALUE!
Contrast,2013,Misc,Compulsion Games,0,0,0,0,0,1/1/2013
Guacamelee!,N/A,Action,,0,0,0,0,0,#VALUE!
Carmageddon: Reincarnation,2015,Misc,Stainless Games,0,0,0,0,0,1/1/2015
Rocketbirds 2: Evolution,2020,Misc,Unknown,0,0,0,0,0,1/1/2020
Primal Carnage: Genesis,2020,Misc,Unknown,0,0,0,0,0,1/1/2020
Doki-Doki Universe,N/A,Misc,,0,0,0,0,0,#VALUE!
Hohokum,N/A,Adventure,,0,0,0,0,0,#VALUE!
CounterSpy,N/A,Action,,0,0,0,0,0,#VALUE!
War Thunder,N/A,Misc,,0,0,0,0,0,#VALUE!
Warframe,N/A,Misc,,0,0,0,0,0,#VALUE!
The Banner Saga,N/A,Role-Playing,,0,0,0,0,0,#VALUE!
BADLAND,N/A,Action,,0,0,0,0,0,#VALUE!
Sparkle 2,N/A,Puzzle,,0,0,0,0,0,#VALUE!
Daylight,N/A,Misc,,0,0,0,0,0,#VALUE!
Peggle 2,N/A,Puzzle,,0,0,0,0,0,#VALUE!
Kingdom Hearts III,2019,Role-Playing,Square Enix,0,0,0,0,0,1/1/2019
Mercenary Kings,N/A,Misc,,0,0,0,0,0,#VALUE!
Secret Ponchos,N/A,Misc,,0,0,0,0,0,#VALUE!
Octodad: Dadliest Catch,N/A,Misc,,0,0,0,0,0,#VALUE!
Galak-Z,N/A,Action,,0,0,0,0,0,#VALUE!
Ray's the Dead,N/A,Misc,,0,0,0,0,0,#VALUE!
Yaiba: Ninja Gaiden Z,2014,Misc,Tecmo Koei,0,0,0,0,0,1/1/2014
KickBeat,N/A,Misc,,0,0,0,0,0,#VALUE!
Tiny Brains,N/A,Puzzle,,0,0,0,0,0,#VALUE!
Stick It to the Man,N/A,Misc,,0,0,0,0,0,#VALUE!
Aban Hawkins & the 1001 Spikes,N/A,Misc,,0,0,0,0,0,#VALUE!
Home - a Unique Horror Adventure,N/A,Misc,,0,0,0,0,0,#VALUE!
Soul Saga,N/A,Misc,,0,0,0,0,0,#VALUE!
Pinball Arcade,2013,Misc,FarSight Studios,0,0,0,0,0,1/1/2013
Toukiden: The Age of Demons,2014,Action,Tecmo Koei,0,0,0,0,0,1/1/2014
Reus,2016,Strategy,Soedesco,0,0,0,0,0,1/1/2016
Strider (2014),2014,Platform,Capcom,0,0,0,0,0,1/1/2014
Rogue Legacy,N/A,Action,,0,0,0,0,0,#VALUE!
EverQuest Next,2019,MMO,Sony Online Entertainment,0,0,0,0,0,1/1/2019
Project Phoenix,N/A,Misc,,0,0,0,0,0,#VALUE!
Defense Grid 2,N/A,Misc,,0,0,0,0,0,#VALUE!
Drifter: A Space Trading Game,N/A,Simulation,,0,0,0,0,0,#VALUE!
Volume,N/A,Action,,0,0,0,0,0,#VALUE!
Hellraid,N/A,Misc,,0,0,0,0,0,#VALUE!
SteamWorld Dig: A Fistful of Dirt,N/A,Platform,,0,0,0,0,0,#VALUE!
Armikrog,N/A,Adventure,,0,0,0,0,0,#VALUE!
Chasm,N/A,Misc,,0,0,0,0,0,#VALUE!
XING: The Land Beyond,N/A,Action,,0,0,0,0,0,#VALUE!
There Came an Echo,N/A,Misc,,0,0,0,0,0,#VALUE!
Strike Suit Zero,N/A,Misc,,0,0,0,0,0,#VALUE!
Basement Crawl,N/A,Misc,,0,0,0,0,0,#VALUE!
Velocity 2X,2014,Action,Futurlab 1,0,0,0,0,0,1/1/2014
Helldivers,2015,Action,Sony Computer Entertainment,0,0,0,0,0,1/1/2015
RESOGUN,N/A,Shooter,,0,0,0,0,0,#VALUE!
Everybody's Gone to the Rapture,N/A,Adventure,,0,0,0,0,0,#VALUE!
Murasaki Baby,N/A,Action,,0,0,0,0,0,#VALUE!
Hotline Miami 2: Wrong Number,N/A,Misc,,0,0,0,0,0,#VALUE!
Shadow of the Beast (PS4),N/A,Action-Adventure,,0,0,0,0,0,#VALUE!
WonderFlick,2014,Misc,Level 5,0,0,0,0,0,1/1/2014
Monochroma,2014,Misc,Nowhere Studios,0,0,0,0,0,1/1/2014
H-Hour: World's Elite,N/A,Misc,,0,0,0,0,0,#VALUE!
SPORTSFRIENDS,N/A,Misc,,0,0,0,0,0,#VALUE!
Unmechanical,N/A,Puzzle,,0,0,0,0,0,#VALUE!
Divekick,N/A,Misc,,0,0,0,0,0,#VALUE!
Lily Bergamo,2014,Misc,GungHo,0,0,0,0,0,1/1/2014
Valiant Hearts: The Great War,N/A,Misc,,0,0,0,0,0,#VALUE!
OlliOlli,N/A,Sports,,0,0,0,0,0,#VALUE!
Switch Galaxy Ultra,N/A,Misc,,0,0,0,0,0,#VALUE!
Anomaly 2,N/A,Misc,,0,0,0,0,0,#VALUE!
Legend of Raven,N/A,Misc,,0,0,0,0,0,#VALUE!
Stealth Inc.,N/A,Misc,,0,0,0,0,0,#VALUE!
Night in the Woods,N/A,Adventure,,0,0,0,0,0,#VALUE!
Tales from the Borderlands,N/A,Adventure,,0,0,0,0,0,#VALUE!
Kodoku,N/A,Misc,,0,0,0,0,0,#VALUE!
Get Even,2015,Misc,Unknown,0,0,0,0,0,1/1/2015
Ready to Run,N/A,Misc,,0,0,0,0,0,#VALUE!
Worms Battlegrounds,N/A,Misc,,0,0,0,0,0,#VALUE!
Assassin's Creed Freedom Cry,N/A,Misc,,0,0,0,0,0,#VALUE!
Dungeon Defenders II,N/A,Action,,0,0,0,0,0,#VALUE!
Razor Global Domination Pro Tour ,N/A,Misc,,0,0,0,0,0,#VALUE!
Pavilion,N/A,Misc,,0,0,0,0,0,#VALUE!
forma.8,N/A,Misc,,0,0,0,0,0,#VALUE!
TowerFall,2014,Misc,Unknown,0,0,0,0,0,1/1/2014
Gone Home ,N/A,Adventure,,0,0,0,0,0,#VALUE!
Costume Quest 2,N/A,Role-Playing,,0,0,0,0,0,#VALUE!
Pure Chess,N/A,Misc,,0,0,0,0,0,#VALUE!
Aztez,N/A,Misc,,0,0,0,0,0,#VALUE!
Not a Hero,N/A,Misc,,0,0,0,0,0,#VALUE!
SOMA (2015),2015,Misc,Frictional Games,0,0,0,0,0,1/1/2015
Cult County,2015,Misc,Renegade Kid,0,0,0,0,0,1/1/2015
Adr1ft,N/A,Adventure,,0,0,0,0,0,#VALUE!
R.B.I. Baseball 14,2014,Misc,MLB.com,0,0,0,0,0,1/1/2014
Citizens of Earth,N/A,Misc,,0,0,0,0,0,#VALUE!
H1Z1,N/A,Shooter,,0,0,0,0,0,#VALUE!
Blue Estate ,2014,Misc,Focus Home Interactive,0,0,0,0,0,1/1/2014
Road Not Taken,N/A,Misc,,0,0,0,0,0,#VALUE!
Source,N/A,Misc,,0,0,0,0,0,#VALUE!
Backgammon Blitz,N/A,Misc,,0,0,0,0,0,#VALUE!
Hitman GO,N/A,Puzzle,,0,0,0,0,0,#VALUE!
MechRunner,N/A,Misc,,0,0,0,0,0,#VALUE!
The Chainsaw Incident,N/A,Misc,,0,0,0,0,0,#VALUE!
Chariot,N/A,Adventure,,0,0,0,0,0,#VALUE!
Nidhogg,N/A,Action,,0,0,0,0,0,#VALUE!
Ironclad Tactics,N/A,Misc,,0,0,0,0,0,#VALUE!
MouseCraft,N/A,Misc,,0,0,0,0,0,#VALUE!
Starwhal: Just the Tip,N/A,Misc,,0,0,0,0,0,#VALUE!
Crimsonland,N/A,Misc,,0,0,0,0,0,#VALUE!
VizionEck,N/A,Misc,,0,0,0,0,0,#VALUE!
Pure Pool ,2014,Misc,Triniti Interactive,0,0,0,0,0,1/1/2014
Without Memory,2016,Misc,Unknown,0,0,0,0,0,1/1/2016
Firewatch,N/A,Adventure,,0,0,0,0,0,#VALUE!
Never Alone,N/A,Misc,,0,0,0,0,0,#VALUE!
The Last Tinker: City of Colors,N/A,Platform,,0,0,0,0,0,#VALUE!
Bombshell,2014,Misc,3D Realms,0,0,0,0,0,1/1/2014
Red Goddess,N/A,Platform,,0,0,0,0,0,#VALUE!
The Forest,2015,Action,Endnight Games Ltd ,0,0,0,0,0,1/1/2015
Fenix Rage,N/A,Misc,,0,0,0,0,0,#VALUE!
EarthNight,N/A,Action,,0,0,0,0,0,#VALUE!
One Way Trip,N/A,Adventure,,0,0,0,0,0,#VALUE!
Shiness: The Lightning Kingdom,N/A,Role-Playing,,0,0,0,0,0,#VALUE!
Aaru's Awakening,N/A,Action,,0,0,0,0,0,#VALUE!
Falling Skies: The Game ,2015,Role-Playing,Little Orbit,0,0,0,0,0,1/1/2015
Onigiri,N/A,Role-Playing,,0,0,0,0,0,#VALUE!
Loadout,N/A,Shooter,,0,0,0,0,0,#VALUE!
Entwined,N/A,Action,,0,0,0,0,0,#VALUE!
EA Sports PGA Tour,2015,Sports,EA Sports,0,0,0,0,0,1/1/2015
Dead Island 2,2017,Action,Deep Silver,0,0,0,0,0,1/1/2017
Magicka 2,N/A,Action,,0,0,0,0,0,#VALUE!
Broforce,N/A,Action,,0,0,0,0,0,#VALUE!
Inside,N/A,Platform,,0,0,0,0,0,#VALUE!
Blast 'Em Bunnies,N/A,Action,,0,0,0,0,0,#VALUE!
Woah Dave!,N/A,Action,,0,0,0,0,0,#VALUE!
The Assembly,N/A,Adventure,,0,0,0,0,0,#VALUE!
Tetris Ultimate ,2014,Puzzle,Ubisoft,0,0,0,0,0,1/1/2014
Afro Samurai 2,2015,Action,Versus Evil,0,0,0,0,0,1/1/2015
The Legend of Korra (2014),2014,Action,Activision,0,0,0,0,0,1/1/2014
The Vanishing of Ethan Carter ,2015,Adventure,The Astronauts,0,0,0,0,0,1/1/2015
Godzilla (2014),2014,Action,Namco Bandai Games,0,0,0,0,0,1/1/2014
Gran Turismo 7,2020,Racing,Sony Computer Entertainment,0,0,0,0,0,1/1/2020
Rollers of the Realm,N/A,Role-Playing,,0,0,0,0,0,#VALUE!
Q*bert: Rebooted,N/A,Action,,0,0,0,0,0,#VALUE!
AirMech Arena,N/A,Action,,0,0,0,0,0,#VALUE!
The Walking Dead: Season Three,N/A,Action,,0,0,0,0,0,#VALUE!
Toren,N/A,Adventure,,0,0,0,0,0,#VALUE!
Pneuma: Breath of Life,N/A,Puzzle,,0,0,0,0,0,#VALUE!
#killallzombies,N/A,Action,,0,0,0,0,0,#VALUE!
The Escapists,N/A,Action,,0,0,0,0,0,#VALUE!
The Tomorrow Children,N/A,Strategy,,0,0,0,0,0,#VALUE!
Hollowpoint,N/A,Action,,0,0,0,0,0,#VALUE!
In Space We Brawl,N/A,Shooter,,0,0,0,0,0,#VALUE!
Wild,2019,Adventure,Sony Interactive Entertainment,0,0,0,0,0,1/1/2019
Alienation,N/A,Shooter,,0,0,0,0,0,#VALUE!
Ubusuna,N/A,Shooter,,0,0,0,0,0,#VALUE!
PIX the CAT,N/A,Action,,0,0,0,0,0,#VALUE!
Game 4,N/A,Strategy,,0,0,0,0,0,#VALUE!
Titan Souls,N/A,Action,,0,0,0,0,0,#VALUE!
OniKira: Demon Killer,N/A,Action,,0,0,0,0,0,#VALUE!
Moon Hunters,N/A,Action,,0,0,0,0,0,#VALUE!
Salt and Sanctuary,N/A,Action,,0,0,0,0,0,#VALUE!
Alone With You,N/A,Adventure,,0,0,0,0,0,#VALUE!
Tadeo Jones y el manuscrito perdido,2014,Adventure,Deep Silver,0,0,0,0,0,1/1/2014
Invokers Tournament,N/A,Action,,0,0,0,0,0,#VALUE!
OlliOlli 2: Welcome to Olliwood,2016,Sports,PQube,0,0,0,0,0,1/1/2016
Pathologic,2015,Adventure,Ice-pick Lodge,0,0,0,0,0,1/1/2015
Soma,N/A,Action,,0,0,0,0,0,#VALUE!
Rebel Galaxy,2015,Role-Playing,Double Damage Games,0,0,0,0,0,1/1/2015
I Am Bread,N/A,Simulation,,0,0,0,0,0,#VALUE!
Geometry Wars 3: Dimensions,N/A,Shooter,,0,0,0,0,0,#VALUE!
Primal Carnage: Extinction,N/A,Shooter,,0,0,0,0,0,#VALUE!
Assassin's Creed: Victory,2015,Action,Ubisoft,0,0,0,0,0,1/1/2015
Silent Hills,2020,Action,Konami Digital Entertainment,0,0,0,0,0,1/1/2020
The Banner Saga 2,N/A,Role-Playing,,0,0,0,0,0,#VALUE!
Enter the Gungeon,N/A,Shooter,,0,0,0,0,0,#VALUE!
What Remains of Edith Finch,N/A,Adventure,,0,0,0,0,0,#VALUE!
Wattam,N/A,Action,,0,0,0,0,0,#VALUE!
Fat Princess Adventures,N/A,Action,,0,0,0,0,0,#VALUE!
Skytorn,N/A,Action,,0,0,0,0,0,#VALUE!
Kill Strain,N/A,Shooter,,0,0,0,0,0,#VALUE!
Drawn to Death,N/A,Shooter,,0,0,0,0,0,#VALUE!
Grow Home,N/A,Platform,,0,0,0,0,0,#VALUE!
Apotheon,N/A,Action,,0,0,0,0,0,#VALUE!
Hunger,N/A,Action-Adventure,,0,0,0,0,0,#VALUE!
Magic Duels: Origin,N/A,Misc,,0,0,0,0,0,#VALUE!
Shiftlings,N/A,Platform,,0,0,0,0,0,#VALUE!
Oceanhorn: Monster of Uncharted Seas,N/A,Action,,0,0,0,0,0,#VALUE!
Beyond Eyes,N/A,Adventure,,0,0,0,0,0,#VALUE!
Inside My Radio,N/A,Platform,,0,0,0,0,0,#VALUE!
Tembo the Badass Elephant,N/A,Platform,,0,0,0,0,0,#VALUE!
Assassin's Creed Chronicles: Russia,N/A,Action,,0,0,0,0,0,#VALUE!
Assassin's Creed Chronicles: India,N/A,Action,,0,0,0,0,0,#VALUE!
Overlord: Fellowship of Evil,2015,Action,Codemasters,0,0,0,0,0,1/1/2015
R.B.I. Baseball 15,2015,Sports,MLB.com,0,0,0,0,0,1/1/2015
Krinkle Krusher,N/A,Strategy,,0,0,0,0,0,#VALUE!
Wander,2015,Role-Playing,Wander MMO,0,0,0,0,0,1/1/2015
Trans-Galactic Tournament,N/A,Action,,0,0,0,0,0,#VALUE!
The Walking Dead: Michonne,N/A,Adventure,,0,0,0,0,0,#VALUE!
Unravel,N/A,Platform,,0,0,0,0,0,#VALUE!
Tachyon Project,N/A,Action,,0,0,0,0,0,#VALUE!
Final Fantasy VII Remake,2019,Role-Playing,Square Enix,0,0,0,0,0,1/1/2019
Ikenie to Yuki no Setsuna,2016,Role-Playing,Square Enix,0,0,0,0,0,1/1/2016
Atelier Sophie,2020,Role-Playing,Gust,0,0,0,0,0,1/1/2020
Dengeki Bunko: Fighting Climax Ignition,2015,Action,Sega,0,0,0,0,0,1/1/2015
World Soccer Winning Eleven 2015,2015,Action,Konami Digital Entertainment,0,0,0,0,0,1/1/2015
Muse: Together Is the New Alone,N/A,Adventure,,0,0,0,0,0,#VALUE!
Cross Reverie,2017,Role-Playing,Sinxsoft,0,0,0,0,0,1/1/2017
Airship Q,2019,Platform,Cygames,0,0,0,0,0,1/1/2019
Killing Bites,2016,Action,Unknown,0,0,0,0,0,1/1/2016
Hatsune Miku: Project Diva Future Tone,N/A,Music,,0,0,0,0,0,#VALUE!
Tiny Troopers Joint Ops,2014,Action,Unknown,0,0,0,0,0,1/1/2014
The London Heist,2016,Shooter,Sony Computer Entertainment,0,0,0,0,0,1/1/2016
Risen 3 Enhanced Edition,2015,Role-Playing,Deep Silver,0,0,0,0,0,1/1/2015
Air Conflicts: Pacific Carriers,2015,Simulation,Kalypso Media,0,0,0,0,0,1/1/2015
God Wars: Beyond Time,2016,Role-Playing,Kadokawa Games,0,0,0,0,0,1/1/2016
Hasbro Family Fun Pack,2015,Misc,Ubisoft,0,0,0,0,0,1/1/2015
Professional Lumberjack 2016,2015,Simulation,Namco Bandai Games,0,0,0,0,0,1/1/2015
Alekhine's Gun,2016,Action,Maximum Games,0,0,0,0,0,1/1/2016
Kung Fu Panda: Showdown of Legendary Legends,2015,Action,Little Orbit,0,0,0,0,0,1/1/2015
Read Only Memories,N/A,Adventure,,0,0,0,0,0,#VALUE!
Shakedown Hawaii,N/A,Action,,0,0,0,0,0,#VALUE!
Fallen Legion,N/A,Role-Playing,,0,0,0,0,0,#VALUE!
Amplitude (2016),N/A,Misc,,0,0,0,0,0,#VALUE!
Bloodborne: Complete Edition,2015,Role-Playing,Sony Computer Entertainment,0,0,0,0,0,1/1/2015
Hardware: Rivals,N/A,Action,,0,0,0,0,0,#VALUE!
Jikkyou Powerful Pro Baseball Success Special,N/A,Sports,,0,0,0,0,0,#VALUE!
Qurare: Magic Library,N/A,Action,,0,0,0,0,0,#VALUE!
World to the West,2017,Action-Adventure,Soedesco,0,0,0,0,0,1/1/2017
The Binding of Isaac: Rebirth,N/A,Action,,0,0,0,0,0,#VALUE!
De-formers,N/A,Action,,0,0,0,0,0,#VALUE!
Rock of Ages II: Bigger and Boulder,N/A,Action,,0,0,0,0,0,#VALUE!
Fe,N/A,Action,,0,0,0,0,0,#VALUE!
Days Gone,2019,Action-Adventure,Sony Interactive Entertainment,0,0,0,0,0,1/1/2019
Berserk Musou,2016,Action,Tecmo Koei,0,0,0,0,0,1/1/2016
Ginger: Beyond the Crystal,2016,Platform,PQube,0,0,0,0,0,1/1/2016
The Last of Us: Part II,2019,Action,Sony Interactive Entertainment,0,0,0,0,0,1/1/2019
Don Bradman Cricket 17,2016,Sports,Tru Blu Entertainment,0,0,0,0,0,1/1/2016
Ace Combat 7: Skies Unknown,2019,Shooter,Bandai Namco Games,0,0,0,0,0,1/1/2019
Sakuna: Of Rice and Ruin,N/A,Action,,0,0,0,0,0,#VALUE!
Metro Exodus,2019,Shooter,Deep Silver,0,0,0,0,0,1/1/2019
Anthem,2019,Role-Playing,Electronic Arts,0,0,0,0,0,1/1/2019
Moons Of Madness,2017,Role-Playing,Unknown,0,0,0,0,0,1/1/2017
Iron Harvest,2018,Strategy,Unknown,0,0,0,0,0,1/1/2018
Biomutant,2018,Action,THQ Nordic,0,0,0,0,0,1/1/2018
Biomutant,2019,Action,THQ Nordic,0,0,0,0,0,1/1/2019
de Blob,2017,Platform,THQ Nordic,0,0,0,0,0,1/1/2017
Chaos on Deponia,2017,Adventure,Daedalic Entertainment,0,0,0,0,0,1/1/2017
Code Vein,2018,Action,Bandai Namco Entertainment,0,0,0,0,0,1/1/2018
Fallen Legion: Flames of Rebellion,N/A,Role-Playing,,0,0,0,0,0,#VALUE!
Radial G Racing Revolved,2017,Racing,Tammeka Games,0,0,0,0,0,1/1/2017
The Mummy Demastered,N/A,Action,,0,0,0,0,0,#VALUE!
Project Nimbus: Code Mirai,N/A,Action,,0,0,0,0,0,#VALUE!
Battle Chef Brigade,N/A,Action,,0,0,0,0,0,#VALUE!
