Pos,Game,Year,Genre,Publisher,North America,Europe,Japan,Rest of World,Global,Fixed Date
1,Grand Theft Auto V,2014,Action,Rockstar Games,4.7,3.25,0.01,0.76,8.72,1/1/2014
2,Call of Duty: Black Ops 3,2015,Shooter,Activision,4.63,2.04,0.02,0.68,7.37,1/1/2015
3,Call of Duty: WWII,2017,Shooter,Activision,3.75,1.91,0,0.57,6.23,1/1/2017
4,Red Dead Redemption 2,2018,Action-Adventure,Rockstar Games,3.76,1.47,0,0.54,5.77,1/1/2018
5,MineCraft,2014,Misc,Microsoft Studios,3.23,1.71,0,0.49,5.43,1/1/2014
6,Call of Duty: Advanced Warfare,2014,Shooter,Activision,3.25,1.49,0.01,0.48,5.22,1/1/2014
7,Battlefield 1,2016,Shooter,Electronic Arts,3.37,1.26,0.02,0.48,5.13,1/1/2016
8,Fallout 4,2015,Role-Playing,Bethesda Softworks,2.94,1.62,0.02,0.45,5.03,1/1/2015
9,Halo 5: Guardians,2015,Shooter,Microsoft Studios,2.94,1.49,0.03,0.45,4.92,1/1/2015
10,Call of Duty: Infinite Warfare,2016,Shooter,Activision,2.91,1.44,0,0.44,4.79,1/1/2016
11,Star Wars Battlefront (2015),2015,Shooter,Electronic Arts,2.49,1.26,0.02,0.38,4.15,1/1/2015
12,Forza Horizon 3,2016,Racing,Microsoft Studios,1.64,1.96,0.02,0.32,3.93,1/1/2016
13,FIFA 17,2016,Sports,Electronic Arts,1.04,2.4,0,0.27,3.71,1/1/2016
14,Gears of War: Ultimate Edition,2015,Shooter,Microsoft Studios,2.88,0.37,0,0.37,3.62,1/1/2015
15,Assassin's Creed: Unity,2014,Action,Ubisoft,2.34,0.9,0,0.34,3.58,1/1/2014
16,Halo: The Master Chief Collection,2014,Shooter,Microsoft Studios,2.06,1.04,0.03,0.31,3.44,1/1/2014
17,Destiny,2014,Shooter,Activision,2.17,0.92,0,0.32,3.41,1/1/2014
18,Gears of War 4,2016,Shooter,Microsoft Studios,2.17,0.9,0,0.32,3.38,1/1/2016
19,FIFA 16,2015,Sports,EA Sports,0.92,2.1,0,0.24,3.25,1/1/2015
20,FIFA 18,2017,Sports,EA Sports,0.98,1.92,0,0.23,3.14,1/1/2017
21,Titanfall,2014,Shooter,Electronic Arts,1.88,0.91,0.04,0.28,3.11,1/1/2014
22,Call of Duty: Ghosts,2013,Shooter,Activision,1.92,0.86,0,0.28,3.07,1/1/2013
23,Overwatch,2016,Shooter,Blizzard Entertainment,1.63,0.84,0,0.25,2.72,1/1/2016
24,Tom Clancy's Rainbow Six: Siege,2015,Shooter,Ubisoft,1.62,0.84,0,0.25,2.71,1/1/2015
25,Tom Clancy's The Division,2016,Shooter,Ubisoft,1.54,0.82,0,0.24,2.59,1/1/2016
26,Assassin's Creed Origins,2017,Action,Ubisoft,1.34,0.92,0,0.22,2.47,1/1/2017
27,Madden NFL 16,2015,Sports,EA Sports,2.13,0.08,0,0.26,2.47,1/1/2015
28,Madden NFL 17,2016,Sports,EA Sports,2.14,0.04,0,0.26,2.44,1/1/2016
29,NBA 2K16,2015,Sports,2K Sports,2.01,0.15,0,0.25,2.41,1/1/2015
30,Forza Motorsport 5,2013,Racing,Microsoft Studios,1.28,0.9,0.01,0.21,2.4,1/1/2013
31,Destiny 2,2017,Shooter,Activision,1.66,0.47,0,0.23,2.35,1/1/2017
32,Assassin's Creed IV: Black Flag,2013,Action,Ubisoft,1.51,0.59,0,0.22,2.32,1/1/2013
33,FIFA 15,2014,Sports,EA Sports,0.64,1.39,0,0.16,2.19,1/1/2014
34,PlayerUnknown's Battlegrounds,2017,Shooter,Microsoft Studios,1.29,0.69,0,0.2,2.17,1/1/2017
35,Battlefield 4,2013,Shooter,Electronic Arts,1.26,0.65,0,0.19,2.09,1/1/2013
36,NBA 2K17,2016,Sports,2K Sports,1.7,0.12,0,0.21,2.04,1/1/2016
37,Forza Motorsport 6,2015,Racing,Microsoft Studios,0.9,0.92,0.04,0.16,2.02,1/1/2015
38,NBA 2K18,2017,Sports,2K Sports,1.67,0.14,0,0.21,2.02,1/1/2017
39,Star Wars Battlefront II (2017),2017,Shooter,Electronic Arts,1.15,0.59,0,0.17,1.92,1/1/2017
40,Madden NFL 18,2017,Sports,EA Sports,1.63,0.07,0,0.2,1.91,1/1/2017
41,The Elder Scrolls V: Skyrim,2016,Role-Playing,Bethesda Softworks,1.13,0.53,0,0.17,1.83,1/1/2016
42,Far Cry 5,2018,Action,Ubisoft,1.14,0.47,0,0.17,1.78,1/1/2018
43,Mortal Kombat X,2015,Fighting,Warner Bros. Interactive Entertainment,1.34,0.23,0,0.18,1.74,1/1/2015
44,NBA 2K15,2014,Sports,2K Sports,1.39,0.18,0,0.18,1.74,1/1/2014
45,The Witcher 3: Wild Hunt,2015,Role-Playing,Namco Bandai Games,0.97,0.61,0.01,0.15,1.74,1/1/2015
46,Far Cry 4,2014,Shooter,Ubisoft,0.85,0.68,0.02,0.14,1.68,1/1/2014
47,Watch Dogs,2014,Action-Adventure,Ubisoft,0.91,0.59,0,0.15,1.64,1/1/2014
48,Dead Rising 3,2013,Action,Microsoft Studios,1.06,0.4,0.01,0.15,1.63,1/1/2013
49,Tom Clancy's Ghost Recon Wildlands,2017,Shooter,Ubisoft,0.98,0.48,0,0.15,1.61,1/1/2017
50,Madden NFL 15,2014,Sports,EA Sports,1.34,0.1,0,0.17,1.6,1/1/2014
51,Rise of the Tomb Raider,2015,Adventure,Square Enix,0.61,0.82,0.03,0.12,1.58,1/1/2015
52,Batman: Arkham Knight,2015,Action,Warner Bros. Interactive Entertainment,0.97,0.46,0,0.14,1.58,1/1/2015
53,Forza Motorsport 7,2017,Racing,Microsoft Studios,0.58,0.81,0.01,0.12,1.52,1/1/2017
54,Dying Light,2015,Action,Warner Bros. Interactive Entertainment,1.01,0.31,0.01,0.14,1.47,1/1/2015
55,Ryse,2013,Action,Microsoft Studios,0.84,0.49,0,0.13,1.47,1/1/2013
56,Forza Horizon 2,2014,Racing,Microsoft Studios,0.56,0.79,0.01,0.11,1.46,1/1/2014
57,Doom (2016),2016,Shooter,Bethesda Softworks,0.76,0.57,0,0.13,1.45,1/1/2016
58,Assassin's Creed Syndicate,2015,Action,Ubisoft,0.71,0.61,0,0.12,1.44,1/1/2015
59,Middle-Earth: Shadow of Mordor,2014,Action,Warner Bros. Interactive Entertainment,0.77,0.52,0.01,0.12,1.42,1/1/2014
60,Rocket League,2016,Sports,505 Games,0.52,0.75,0,0.11,1.38,1/1/2016
61,The Elder Scrolls Online,2015,MMO,Bethesda Softworks,0.86,0.39,0,0.13,1.38,1/1/2015
62,Titanfall 2,2016,Shooter,Electronic Arts,0.88,0.37,0,0.13,1.37,1/1/2016
63,Watch Dogs 2,2016,Action,Ubisoft,0.71,0.53,0,0.12,1.35,1/1/2016
64,FIFA Soccer 14,2013,Sports,EA Sports,0.44,0.78,0,0.1,1.31,1/1/2013
65,Destiny: The Taken King,2015,Shooter,Activision,0.91,0.23,0,0.12,1.27,1/1/2015
66,Battlefield: Hardline,2015,Shooter,Electronic Arts,0.73,0.39,0.01,0.11,1.24,1/1/2015
67,Sunset Overdrive,2014,Action,Microsoft Studios,0.64,0.42,0,0.1,1.16,1/1/2014
68,Middle-Earth: Shadow of War,2017,Action,Warner Bros. Interactive Entertainment,0.75,0.29,0,0.11,1.15,1/1/2017
69,Lego Marvel Super Heroes,2013,Action,Warner Bros. Interactive Entertainment,0.61,0.44,0,0.1,1.15,1/1/2013
70,Final Fantasy XV,2016,Role-Playing,Square Enix,0.72,0.3,0.01,0.11,1.14,1/1/2016
71,Mafia III,2016,Action-Adventure,2K Games,0.54,0.48,0,0.09,1.11,1/1/2016
72,Diablo III,2014,Role-Playing,Blizzard Entertainment,0.62,0.32,0,0.09,1.04,1/1/2014
73,Just Cause 3,2015,Action-Adventure,Square Enix,0.52,0.41,0,0.09,1.01,1/1/2015
74,Far Cry: Primal,2016,Action-Adventure,Ubisoft,0.51,0.41,0,0.09,1,1/1/2016
75,Dragon Age III: Inquisition,2014,Role-Playing,Electronic Arts,0.63,0.27,0,0.09,0.99,1/1/2014
76,Sea of Thieves,2018,Action-Adventure,Microsoft Studios,0.6,0.27,0,0.09,0.96,1/1/2018
77,NBA 2K14,2013,Sports,2K Sports,0.72,0.12,0,0.09,0.94,1/1/2013
78,Monster Hunter: World,2018,Action,Capcom,0.67,0.17,0,0.09,0.93,1/1/2018
79,Injustice 2,2017,Fighting,Warner Bros. Interactive Entertainment,0.65,0.16,0,0.09,0.89,1/1/2017
80,Resident Evil VII: Biohazard,2017,Action,Capcom,0.51,0.3,0,0.08,0.89,1/1/2017
81,For Honor,2017,Action,Ubisoft,0.57,0.21,0,0.08,0.87,1/1/2017
82,Dishonored 2,2016,Action,Bethesda Softworks,0.47,0.31,0,0.08,0.86,1/1/2016
83,Plants vs. Zombies: Garden Warfare 2,2016,Shooter,Electronic Arts,0.47,0.32,0,0.08,0.86,1/1/2016
84,Madden NFL 25,2013,Sports,EA Sports,0.69,0.06,0,0.09,0.83,1/1/2013
85,Metal Gear Solid V: The Phantom Pain,2015,Action,Konami Digital Entertainment,0.49,0.25,0.02,0.07,0.83,1/1/2015
86,Guitar Hero Live,2015,Music,Activision,0.52,0.23,0,0.08,0.83,1/1/2015
87,Dark Souls III,2016,Role-Playing,Namco Bandai Games,0.56,0.15,0,0.08,0.79,1/1/2016
88,LEGO Jurassic World,2015,Action,Warner Bros. Interactive Entertainment,0.44,0.27,0,0.07,0.78,1/1/2015
89,Rare Replay,2015,Misc,Microsoft Studios,0.42,0.27,0.01,0.07,0.78,1/1/2015
90,Mass Effect: Andromeda,2017,Role-Playing,Electronic Arts,0.5,0.2,0,0.07,0.78,1/1/2017
91,Minecraft: Story Mode,2015,Adventure,Mojang,0.46,0.24,0,0.07,0.77,1/1/2015
92,Fortnite,2017,Action,Gearbox Software,0.6,0.09,0,0.08,0.77,1/1/2017
93,Quantum Break,2016,Action,Microsoft Studios,0.42,0.25,0.02,0.07,0.76,1/1/2016
94,Wolfenstein: The New Order,2014,Shooter,Bethesda Softworks,0.39,0.3,0,0.06,0.75,1/1/2014
95,Rock Band 4,2015,Music,Harmonix Music Systems,0.62,0.05,0,0.08,0.75,1/1/2015
96,Need for Speed (2015),2015,Racing,Electronic Arts,0.35,0.33,0,0.06,0.74,1/1/2015
97,The Sims 4,2017,Simulation,Electronic Arts,0.42,0.24,0,0.07,0.73,1/1/2017
98,Need for Speed: Payback,2017,Racing,Electronic Arts,0.42,0.24,0,0.07,0.73,1/1/2017
99,Dead Rising 4,2016,Action-Adventure,Microsoft Studios,0.41,0.25,0,0.06,0.73,1/1/2016
100,LEGO Dimensions,2015,Action,Warner Bros. Interactive Entertainment,0.47,0.18,0,0.07,0.72,1/1/2015
101,The Crew,2014,Racing,Ubisoft,0.32,0.34,0,0.06,0.71,1/1/2014
102,Plants vs Zombies: Garden Warfare,2014,Shooter,Electronic Arts,0.39,0.25,0,0.06,0.71,1/1/2014
103,Need for Speed Rivals,2013,Racing,Electronic Arts,0.45,0.19,0,0.07,0.7,1/1/2013
104,Wolfenstein II: The New Colossus,2017,Shooter,Bethesda Softworks,0.45,0.19,0,0.07,0.7,1/1/2017
105,The Evil Within,2014,Misc,Bethesda Softworks,0.36,0.27,0,0.06,0.69,1/1/2014
106,LEGO Worlds,2017,Misc,Warner Bros. Interactive Entertainment,0.28,0.35,0,0.05,0.69,1/1/2017
107,Borderlands: The Handsome Collection,2015,Shooter,2K Games,0.49,0.13,0,0.07,0.68,1/1/2015
108,Evolve,2015,Shooter,2K Games,0.4,0.2,0,0.06,0.67,1/1/2015
109,WWE 2K18,2017,Sports,2K Sports,0.35,0.25,0,0.06,0.66,1/1/2017
110,Tomb Raider (2013),2014,Action-Adventure,Square Enix,0.38,0.22,0,0.06,0.66,1/1/2014
111,The LEGO Movie Videogame,2014,Action-Adventure,Warner Bros. Interactive Entertainment,0.42,0.17,0,0.06,0.65,1/1/2014
112,WWE 2K16,2015,Sports,Take-Two Interactive,0.34,0.24,0,0.06,0.63,1/1/2015
113,Kinect Sports Rivals,2014,Sports,Microsoft Studios,0.3,0.25,0.02,0.05,0.62,1/1/2014
114,South Park: The Fractured But Whole,2017,Role-Playing,Ubisoft,0.4,0.17,0,0.06,0.62,1/1/2017
115,WWE 2K15,2014,Sports,2K Sports,0.32,0.23,0,0.05,0.61,1/1/2014
116,EA Sports UFC 2,2016,Sports,EA Sports,0.36,0.19,0,0.06,0.61,1/1/2016
117,NHL 17,2016,Sports,EA Sports,0.52,0.01,0,0.06,0.6,1/1/2016
118,Tekken 7,2017,Fighting,Namco Bandai Games,0.3,0.23,0,0.05,0.58,1/1/2017
119,LEGO Marvel Super Heroes 2,2017,Action,Warner Bros. Interactive Entertainment,0.32,0.2,0,0.05,0.57,1/1/2017
120,WWE 2K17,2016,Sports,2K Games,0.26,0.26,0,0.05,0.57,1/1/2016
121,Disney Infinity 2.0: Marvel Super Heroes,2014,Action-Adventure,Disney Interactive Studios,0.35,0.15,0,0.05,0.55,1/1/2014
122,Just Dance 2015,2014,Music,Ubisoft,0.36,0.13,0,0.05,0.54,1/1/2014
123,Dragon Ball Fighter Z,2018,Fighting,Namco Bandai Games,0.38,0.09,0,0.05,0.52,1/1/2018
124,Alien: Isolation,2014,Adventure,Sega,0.23,0.25,0,0.04,0.52,1/1/2014
125,Halo Wars 2,2017,Strategy,Microsoft Studios,0.31,0.15,0,0.05,0.51,1/1/2017
126,NHL 16,2015,Sports,EA Sports,0.41,0.05,0,0.05,0.51,1/1/2015
127,Lego Star Wars: The Force Awakens,2016,Action-Adventure,Warner Bros. Interactive Entertainment,0.24,0.22,0,0.04,0.5,1/1/2016
128,Mad Max (2013),2015,Action,Warner Bros. Interactive Entertainment,0.29,0.16,0,0.05,0.5,1/1/2015
129,LEGO Marvel's Avengers,2016,Action,Warner Bros. Interactive Entertainment,0.26,0.18,0,0.04,0.48,1/1/2016
130,Zoo Tycoon (2013),2013,Simulation,Microsoft Studios,0.25,0.18,0,0.04,0.48,1/1/2013
131,Steep,2016,Sports,Ubisoft,0.24,0.2,0,0.04,0.48,1/1/2016
132,Thief 4,2014,Action,Square Enix,0.26,0.17,0,0.04,0.48,1/1/2014
133,Just Dance 2014,2013,Music,Ubisoft,0.31,0.12,0,0.04,0.48,1/1/2013
134,EA Sports UFC,2014,Fighting,Electronic Arts,0.3,0.13,0,0.04,0.48,1/1/2014
135,BioShock The Collection,2016,Shooter,2K Games,0.35,0.08,0,0.05,0.48,1/1/2016
136,Dragon Ball: Xenoverse 2,2016,Action,Namco Bandai Games,0.33,0.09,0,0.05,0.47,1/1/2016
137,ARK: Survival Evolved,2017,Action-Adventure,Studio Wildcard,0.3,0.12,0,0.04,0.46,1/1/2017
138,Disney Infinity 3.0,2015,Action,Disney Interactive Studios,0.3,0.12,0,0.04,0.46,1/1/2015
139,Prey (2017),2017,Shooter,Bethesda Softworks,0.21,0.2,0,0.04,0.45,1/1/2017
140,Skylanders: Trap Team,2014,Platform,Activision,0.34,0.07,0,0.04,0.45,1/1/2014
141,Lego Batman 3: Beyond Gotham,2014,Action,Warner Bros. Interactive Entertainment,0.24,0.17,0,0.04,0.44,1/1/2014
142,EA Sports UFC 3,2018,Sports,EA Sports,0.3,0.1,0,0.04,0.44,1/1/2018
143,Rocksmith 2014,2014,Music,Ubisoft,0.31,0.08,0,0.04,0.43,1/1/2014
144,Sniper Elite 3,2014,Shooter,505 Games,0.27,0.12,0,0.04,0.43,1/1/2014
145,Hello Neighbor,2017,Action,Gearbox Software,0.27,0.11,0,0.04,0.42,1/1/2017
146,NHL 15,2014,Sports,EA Sports,0.32,0.06,0,0.04,0.42,1/1/2014
147,Project CARS,2015,Racing,Bandai Namco Games,0.21,0.16,0,0.04,0.41,1/1/2015
148,Destiny: The Collection,2016,Shooter,Activision,0.25,0.12,0,0.04,0.41,1/1/2016
149,Skylanders: SuperChargers,2015,Action-Adventure,Activision,0.31,0.05,0,0.04,0.4,1/1/2015
150,Deus Ex: Mankind Divided,2016,Role-Playing,Square Enix,0.25,0.11,0,0.04,0.39,1/1/2016
151,NHL 18,2017,Sports,EA Sports,0.32,0.03,0,0.04,0.39,1/1/2017
152,The Evil Within II,2017,Action,Bethesda Softworks,0.25,0.1,0,0.04,0.39,1/1/2017
153,Rayman Legends,2014,Platform,Ubisoft,0.13,0.22,0,0.03,0.38,1/1/2014
154,Just Dance 2016,2015,Music,Ubisoft,0.3,0.04,0,0.04,0.38,1/1/2015
155,Skylanders SWAP Force,2013,Misc,Activision,0.25,0.07,0,0.03,0.35,1/1/2013
156,Naruto Shippuden: Ultimate Ninja Storm 4,2016,Fighting,Namco Bandai Games,0.25,0.07,0,0.03,0.35,1/1/2016
157,Dragon Ball: XenoVerse,2015,Fighting,Namco Bandai Games,0.21,0.11,0,0.03,0.35,1/1/2015
158,Marvel vs. Capcom: Infinite,2017,Fighting,Capcom,0.26,0.05,0,0.03,0.34,1/1/2017
159,Just Dance 2017,2016,Music,Ubisoft,0.25,0.05,0,0.03,0.34,1/1/2016
160,The Lego Ninjago Movie Videogame,2017,Action,Warner Bros. Interactive Entertainment,0.21,0.09,0,0.03,0.33,1/1/2017
161,The Crew 2,2018,Racing,Ubisoft,0.2,0.1,0,0.03,0.33,1/1/2018
162,Farming Simulator 17,2016,Simulation,Focus Home Interactive,0.19,0.11,0,0.03,0.33,1/1/2016
163,METRO 2033,2014,Shooter,Deep Silver,0.15,0.14,0,0.03,0.31,1/1/2014
164,Hitman (2016),2017,Action,Square Enix,0.2,0.08,0,0.03,0.31,1/1/2017
165,LEGO City Undercover,2017,Platform,Warner Bros. Interactive Entertainment,0.15,0.12,0,0.03,0.3,1/1/2017
166,Final Fantasy Type-0,2015,Role-Playing,Square Enix,0.2,0.07,0,0.03,0.3,1/1/2015
167,Sniper Elite 4,2017,Shooter,Rebellion Developments,0.18,0.09,0,0.03,0.3,1/1/2017
168,Sonic Forces,2017,Platform,Sega,0.15,0.11,0,0.03,0.29,1/1/2017
169,Dark Souls II,2015,Role-Playing,Namco Bandai Games,0.19,0.07,0,0.03,0.28,1/1/2015
170,Battleborn,2016,Shooter,2K Games,0.2,0.05,0,0.03,0.28,1/1/2016
171,Rory McIlroy PGA Tour,2015,Sports,Electronic Arts,0.16,0.09,0,0.02,0.28,1/1/2015
172,Assassin's Creed The Ezio Collection,2016,Action,Ubisoft,0.13,0.12,0,0.02,0.27,1/1/2016
173,LEGO The Hobbit,2014,Action-Adventure,Warner Bros. Interactive Entertainment,0.13,0.13,0,0.02,0.27,1/1/2014
174,Metal Gear Solid: Ground Zeroes,2014,Action-Adventure,Konami Digital Entertainment,0.13,0.13,0,0.02,0.27,1/1/2014
175,Minecraft: Story Mode - Season Two,2017,Adventure,Telltale Games,0.17,0.08,0,0.02,0.27,1/1/2017
176,Skylanders Imaginators,2016,Platform,Activision,0.19,0.05,0,0.03,0.27,1/1/2016
177,Friday the 13th: The Game,2017,Action,Gun Media,0.21,0.03,0,0.03,0.27,1/1/2017
178,ReCore,2016,Action-Adventure,Microsoft Studios,0.16,0.06,0.01,0.02,0.26,1/1/2016
179,F1 2015,2015,Racing,Codemasters,0.09,0.15,0,0.02,0.25,1/1/2015
180,L.A. Noire,2017,Adventure,Rockstar Games,0.14,0.09,0,0.02,0.25,1/1/2017
181,Trials Fusion,2014,Racing,Ubisoft,0.12,0.1,0,0.02,0.25,1/1/2014
182,Call of Duty: Modern Warfare Remastered,2017,Shooter,Activision,0.16,0.06,0,0.02,0.24,1/1/2017
183,Zumba Fitness: World Party,2013,Misc,Majesco Entertainment,0.17,0.05,0,0.02,0.24,1/1/2013
184,Saints Row IV,2015,Action,Deep Silver,0.13,0.09,0,0.02,0.24,1/1/2015
185,Farming Simulator 2015,2015,Simulation,Koch Media,0.13,0.09,0,0.02,0.24,1/1/2015
186,A Way Out,2018,Action,Electronic Arts,0.17,0.05,0,0.02,0.24,1/1/2018
187,NBA Live 14,2013,Sports,EA Sports,0.19,0.02,0,0.02,0.24,1/1/2013
188,Payday 2,2015,Shooter,505 Games,0.14,0.07,0,0.02,0.23,1/1/2015
189,DiRT 4,2017,Racing,Codemasters,0.11,0.1,0,0.02,0.23,1/1/2017
190,NBA Live 15,2014,Sports,Electronic Arts,0.18,0.02,0,0.02,0.22,1/1/2014
191,F1 2016 (Codemasters),2016,Racing,Codemasters,0.09,0.12,0,0.02,0.22,1/1/2016
192,Deadpool,2015,Action,Activision,0.17,0.03,0,0.02,0.22,1/1/2015
193,The Amazing Spider-Man 2 (2014),2014,Action-Adventure,Activision,0.12,0.08,0,0.02,0.22,1/1/2014
194,Kingdom Come: Deliverance,2018,Role-Playing,Deep Silver,0.14,0.06,0,0.02,0.22,1/1/2018
195,Lords of the Fallen,2014,Role-Playing,Square Enix,0.1,0.1,0,0.02,0.22,1/1/2014
196,Super Lucky's Tale,2017,Platform,Microsoft Studios,0.13,0.07,0,0.02,0.22,1/1/2017
197,DiRT Rally,2016,Racing,Codemasters,0.12,0.08,0,0.02,0.21,1/1/2016
198,Just Dance 2018,2017,Music,Ubisoft,0.15,0.04,0,0.02,0.21,1/1/2017
199,Homefront: The Revolution,2016,Shooter,Deep Silver,0.1,0.09,0,0.02,0.21,1/1/2016
200,State of Decay,2015,Action-Adventure,Microsoft Studios,0.14,0.05,0,0.02,0.21,1/1/2015
201,NBA Live 18,2017,Sports,EA Sports,0.18,0,0,0.02,0.21,1/1/2017
202,theHunter: Call of the Wild,2017,Shooter,Astragon,0.18,0,0,0.02,0.21,1/1/2017
203,Sleeping Dogs,2014,Action-Adventure,Square Enix,0.1,0.09,0,0.02,0.2,1/1/2014
204,Project CARS 2,2017,Racing,Namco Bandai Games,0.01,0.18,0,0.01,0.2,1/1/2017
205,Batman: Return to Arkham,2016,Action,Warner Bros. Interactive Entertainment,0.12,0.06,0,0.02,0.2,1/1/2016
206,Dishonored,2015,Action,Bethesda Softworks,0.13,0.05,0,0.02,0.19,1/1/2015
207,One Piece: Burning Blood,2016,Fighting,Namco Bandai Games,0.11,0.07,0,0.02,0.19,1/1/2016
208,Fantasia: Music Evolved,2014,Music,Disney Interactive Studios,0.14,0.03,0,0.02,0.19,1/1/2014
209,Mirror's Edge 2,2016,Platform,Electronic Arts,0.11,0.06,0,0.02,0.19,1/1/2016
210,Dance Central: Spotlight,N/A,Music,,0.15,0.03,0,0,0.19,#VALUE!
211,Naruto to Boruto: Shinobi Striker,2018,Action,Bandai Namco Games,0.17,0,0,0.02,0.19,1/1/2018
212,XCOM 2,2016,Strategy,2K Games,0.15,0.02,0,0.02,0.19,1/1/2016
213,F1 2017,2017,Racing,Koch Media,0.04,0.13,0,0.01,0.19,1/1/2017
214,Shape Up,2014,Sports,Ubisoft,0.08,0.09,0,0.01,0.18,1/1/2014
215,Cities: Skylines,2017,Simulation,Deep Silver,0.13,0.03,0,0.02,0.18,1/1/2017
216,Sniper: Ghost Warrior 3,2017,Shooter,City Interactive,0.11,0.05,0,0.02,0.18,1/1/2017
217,Project Spark (Working Title),2014,Misc,Microsoft Studios,0.11,0.05,0,0.02,0.17,1/1/2014
218,Rush: A Disney Pixar Adventure,2017,Adventure,Microsoft Studios,0.15,0,0,0.02,0.17,1/1/2017
219,Fighter Within,2013,Fighting,Ubisoft,0.08,0.07,0,0.01,0.17,1/1/2013
220,Murdered: Soul Suspect,2014,Action-Adventure,Square Enix,0.08,0.07,0,0.01,0.17,1/1/2014
221,Pac-Man Championship Edition 2 + Arcade Game Series,2016,Action,Namco Bandai Games,0.15,0,0,0.02,0.16,1/1/2016
222,Angry Birds: Star Wars,2013,Puzzle,Activision,0.11,0.04,0,0.02,0.16,1/1/2013
223,Little Nightmares,2017,Platform,Namco Bandai Games,0.12,0.03,0,0.02,0.16,1/1/2017
224,The Walking Dead: Season One,2014,Adventure,Telltale Games,0.08,0.06,0,0.01,0.16,1/1/2014
225,Wolfenstein: The Old Blood,2015,Shooter,Bethesda Softworks,0.07,0.07,0,0.01,0.15,1/1/2015
226,Pro Evolution Soccer 2015,2014,Sports,Konami Digital Entertainment,0.04,0.1,0,0.01,0.15,1/1/2014
227,Transformer: Rise of the Dark Spark,2014,Shooter,Activision,0.1,0.03,0,0.01,0.15,1/1/2014
228,The Escapists 2,2017,Action,Sold Out,0.05,0.08,0,0.01,0.15,1/1/2017
229,Transformers: Devastation,2015,Action,Activision,0.1,0.04,0,0.01,0.15,1/1/2015
230,Spintires: MudRunner,2017,Simulation,Focus Home Interactive,0.11,0.02,0,0.01,0.15,1/1/2017
231,DmC: Devil May Cry,2015,Action,Capcom,0.09,0.04,0,0.01,0.15,1/1/2015
232,Attack on Titan (KOEI),2016,Action,Tecmo Koei,0.06,0.07,0,0.01,0.15,1/1/2016
233,Tony Hawk's Pro Skater 5,2015,Sports,Activision,0.11,0.02,0,0.01,0.14,1/1/2015
234,Naruto Shippuden: Ultimate Ninja Storm Legacy,2017,Fighting,Namco Bandai Games,0.11,0.02,0,0.01,0.14,1/1/2017
235,The Walking Dead: Season Two,2014,Misc,Telltale Games,0.08,0.05,0,0.01,0.14,1/1/2014
236,Resident Evil: Revelations 2,2015,Action,Capcom,0.1,0.02,0,0.01,0.14,1/1/2015
237,Dishonored: Death of the Outsider,2017,Action,Bethesda Softworks,0.07,0.06,0,0.01,0.14,1/1/2017
238,Ultimate Marvel vs. Capcom 3,2017,Fighting,Capcom,0.12,0,0,0.01,0.14,1/1/2017
239,The Elder Scrolls Online: Morrowind,2017,MMO,Bethesda Softworks,0.09,0.03,0,0.01,0.14,1/1/2017
240,Hasbro Family Fun Pack,2015,Misc,Ubisoft,0.1,0.02,0,0.01,0.13,1/1/2015
241,Rocksmith 2014 Edition Remastered,2016,Music,Ubisoft,0.12,0,0,0.01,0.13,1/1/2016
242,Song of the Deep,2016,Action,Insomniac Games,0.12,0,0,0.01,0.13,1/1/2016
243,NBA Live 16,2015,Sports,EA Sports,0.11,0.01,0,0.01,0.13,1/1/2015
244,Outlast Trinity,2017,Action,Warner Bros. Interactive Entertainment,0.1,0.02,0,0.01,0.13,1/1/2017
245,Sonic Mania,2017,Platform,Sega,0.09,0.03,0,0.01,0.13,1/1/2017
246,Dead by Daylight,2017,Action,505 Games,0.08,0.03,0,0.01,0.12,1/1/2017
247,Darksiders III,2018,Action,THQ Nordic,0.11,0,0,0.01,0.12,1/1/2018
248,Vampyr,2018,Role-Playing,Focus Home Interactive,0.07,0.04,0,0.01,0.12,1/1/2018
249,The Walking Dead - The Telltale Series: A New Frontier,2017,Adventure,Warner Bros. Interactive Entertainment,0.1,0.01,0,0.01,0.12,1/1/2017
250,NASCAR Heat 2,2017,Racing,505 Games,0.11,0,0,0.01,0.12,1/1/2017
251,Life is Strange,2016,Adventure,Square Enix,0.08,0.03,0,0.01,0.12,1/1/2016
252,Wolfenstein The Two Pack,2017,Shooter,Bethesda Softworks,0.11,0,0,0.01,0.12,1/1/2017
253,The Surge,2017,Action,Koch Media,0.07,0.04,0,0.01,0.12,1/1/2017
254,Naruto Shippuden Ultimate Ninja Storm 4: Road to Boruto,2017,Fighting,Namco Bandai Games,0.11,0,0,0.01,0.12,1/1/2017
255,Pro Evolution Soccer 2016,2015,Sports,Konami Digital Entertainment,0.05,0.06,0,0.01,0.12,1/1/2015
256,Pro Evolution Soccer 2018,2017,Sports,Konami Digital Entertainment,0.06,0.05,0,0.01,0.12,1/1/2017
257,7 Days to Die,2016,Action,Telltale Games,0.09,0.02,0,0.01,0.12,1/1/2016
258,Zombie Army Trilogy,2015,Shooter,Rebellion Developments,0.05,0.05,0,0.01,0.12,1/1/2015
259,Prototype: Biohazard Bundle,2016,Action,Activision,0.1,0,0,0.01,0.11,1/1/2016
260,Ride,2015,Racing,Milestone S.r.l.,0.05,0.05,0,0.01,0.11,1/1/2015
261,Agents of Mayhem,2017,Action,Deep Silver,0.07,0.03,0,0.01,0.11,1/1/2017
262,Metal Gear Solid V: The Definitive Experience,2016,Action,Konami Digital Entertainment,0.1,0,0,0.01,0.11,1/1/2016
263,Killer Instinct (2013),2014,Fighting,Microsoft Studios,0.07,0.03,0,0.01,0.11,1/1/2014
264,MXGP 2,2016,Racing,Milestone S.r.l.,0.07,0.02,0,0.01,0.1,1/1/2016
265,NASCAR Heat Evolution,2016,Racing,Dusenberry Martin Racing,0.09,0,0,0.01,0.1,1/1/2016
266,TrackMania Turbo,2016,Racing,Ubisoft,0.05,0.04,0,0.01,0.1,1/1/2016
267,Divinity: Original Sin,2015,Role-Playing,Focus Home Interactive,0.06,0.03,0,0.01,0.1,1/1/2015
268,Dead or Alive 5,2015,Fighting,Tecmo Koei,0.05,0.03,0.01,0.01,0.1,1/1/2015
269,Pro Evolution Soccer 2017,2016,Sports,Konami Digital Entertainment,0.05,0.03,0,0.01,0.1,1/1/2016
270,Resident Evil Zero,2016,Action-Adventure,Capcom,0.07,0.02,0,0.01,0.1,1/1/2016
271,Sword Art Online: Fatal Bullet,2018,Role-Playing,Namco Bandai Games,0.09,0,0,0.01,0.1,1/1/2018
272,Yooka-Laylee,2017,Platform,Sold Out,0.05,0.04,0,0.01,0.1,1/1/2017
273,Real Farm,2017,Simulation,Soedesco,0.08,0,0,0.01,0.1,1/1/2017
274,We Happy Few,2018,Action-Adventure,Gearbox Software,0.07,0.01,0,0.01,0.09,1/1/2018
275,Duke Nukem 3D: 20th Anniversary World Tour,2016,Shooter,Gearbox Software,0.08,0,0,0.01,0.09,1/1/2016
276,The Wolf Among Us,2014,Adventure,Telltale Games,0.06,0.02,0,0.01,0.09,1/1/2014
277,Attack on Titan 2,2018,Action,Koei Tecmo,0.08,0,0,0.01,0.09,1/1/2018
278,Rugby 15,2015,Sports,Bigben Interactive,0.03,0.05,0,0.01,0.09,1/1/2015
279,MXGP 3: The Official Motocross Videogame,2017,Racing,Milestone,0.06,0.02,0,0.01,0.09,1/1/2017
280,Bladestorm: Nightmare,2015,Action,Tecmo Koei,0.06,0.02,0,0.01,0.08,1/1/2015
281,Monster Energy Supercross - The Official Videogame,2018,Racing,Milestone S.r.l.,0.08,0,0,0.01,0.08,1/1/2018
282,America's Greatest Game Shows: Wheel of Fortune & Jeopardy!,2017,Misc,Ubisoft,0.08,0,0,0.01,0.08,1/1/2017
283,Dead Island Definitive Collection,2016,Action,Deep Silver,0.05,0.03,0,0.01,0.08,1/1/2016
284,Ride 2,2016,Racing,Milestone S.r.l,0.06,0.01,0,0.01,0.08,1/1/2016
285,Elite: Dangerous,2017,Simulation,Frontier Developments,0.07,0,0,0.01,0.08,1/1/2017
286,Just Dance: Disney Party 2,2015,Music,Ubisoft,0.06,0.01,0,0.01,0.08,1/1/2015
287,Bulletstorm: Full Clip Edition,2017,Shooter,Gearbox Software,0.06,0.01,0,0.01,0.08,1/1/2017
288,Micro Machines: World Series,2017,Racing,Codemasters,0.02,0.05,0,0.01,0.08,1/1/2017
289,Darksiders II,2015,Action-Adventure,Nordic Games,0.05,0.03,0,0.01,0.08,1/1/2015
290,Sherlock Holmes: Crimes & Punishments,2014,Adventure,Focus Home Interactive,0.03,0.04,0,0.01,0.08,1/1/2014
291,Toy Soldiers: War Chest,2015,Action,Ubisoft,0.07,0,0,0.01,0.08,1/1/2015
292,BlazBlue: Chrono Phantasma Extend,2015,Fighting,PQube,0.06,0.01,0,0.01,0.08,1/1/2015
293,Metal Gear Survive,2018,Action,Konami Digital Entertainment,0.05,0.01,0,0.01,0.08,1/1/2018
294,The Golf Club,2015,Sports,Ravenscourt,0.07,0,0,0.01,0.07,1/1/2015
295,Batman: A Telltale Game Series,2016,Adventure,Telltale Games,0.06,0.01,0,0.01,0.07,1/1/2016
296,Constructor HD,2017,Strategy,System 3,0.07,0,0,0.01,0.07,1/1/2017
297,Teenage Mutant Ninja Turtles: Mutants in Manhattan,2016,Action,Activision,0.05,0.01,0,0.01,0.07,1/1/2016
298,Valentino Rossi: The Game,2016,Racing,Namco Bandai Games,0.05,0.02,0,0.01,0.07,1/1/2016
299,Disneyland Adventures,2017,Action-Adventure,Microsoft Studios,0.05,0.01,0,0.01,0.07,1/1/2017
300,Dynasty Warriors 8: Empires,2014,Action,Tecmo Koei,0.04,0.02,0,0.01,0.07,1/1/2014
301,Resident Evil 6,2016,Shooter,Capcom,0.06,0,0,0.01,0.07,1/1/2016
302,Ghostbusters (2016),2016,Action,Activision,0.06,0,0,0.01,0.07,1/1/2016
303,R.B.I. Baseball 2017,2017,Sports,MLB.com,0.06,0,0,0.01,0.07,1/1/2017
304,Aven Colony,2017,Strategy,Sold Out,0.06,0,0,0.01,0.06,1/1/2017
305,Adventure Time: Finn & Jake Investigations,2015,Action,Little Orbit,0.04,0.02,0,0.01,0.06,1/1/2015
306,Atari Flashback Classics: Volume 1,2016,Misc,Atari,0.06,0,0,0.01,0.06,1/1/2016
307,MotoGP 17,2017,Racing,Koch Media,0.04,0.02,0,0.01,0.06,1/1/2017
308,Wasteland 2,2015,Role-Playing,Deep Silver,0.05,0.01,0,0.01,0.06,1/1/2015
309,MX vs ATV Supercross Encore 2017 Track Edition,2017,Racing,THQ Nordic,0.05,0,0,0.01,0.06,1/1/2017
310,Cartoon Network Battle Crashers,2016,Action,Maximum Games,0.05,0.01,0,0.01,0.06,1/1/2016
311,Hasbro Family Fun Pack Conquest Edition,2016,Misc,Ubisoft,0.05,0,0,0.01,0.06,1/1/2016
312,Sherlock Holmes: The Devil's Daughter,2016,Adventure,Bigben Interactive,0.05,0,0,0.01,0.06,1/1/2016
313,MX vs. ATV Supercross Encore,2015,Sports,Nordic Games,0.05,0,0,0.01,0.06,1/1/2015
314,Killing Floor 2 ,2017,Shooter,Tripwire Interactive,0.05,0,0,0.01,0.06,1/1/2017
315,R.B.I. Baseball 2016,2016,Sports,MLB.com,0.05,0,0,0.01,0.06,1/1/2016
316,Okami,2017,Action,Capcom,0.05,0,0,0.01,0.06,1/1/2017
317,Rapala Fishing Pro Series,2017,Simulation,GameMill,0.05,0,0,0.01,0.06,1/1/2017
318,Arslan: The Warriors of Legend,2016,Action,Tecmo Koei,0.05,0,0,0.01,0.06,1/1/2016
319,Golf Club 2,2017,Sports,Maximum Games,0.05,0,0,0.01,0.06,1/1/2017
320,Mark McMorris Infinite Air,2016,Sports,Maximum Games,0.05,0,0,0.01,0.06,1/1/2016
321,Atari Flashback Classics: Volume 2,2016,Misc,Atari,0.05,0,0,0.01,0.06,1/1/2016
322,Hunting Simulator,2017,Shooter,Bigben Interactive,0.05,0,0,0.01,0.06,1/1/2017
323,Styx: Shards of Darknes,2017,Action,Focus Home Interactive,0.05,0,0,0.01,0.06,1/1/2017
324,Marvel's Guardians of the Galaxy: The Telltale Series,2017,Adventure,Warner Bros. Interactive Entertainment,0.05,0,0,0.01,0.05,1/1/2017
325,Baja: Edge of Control HD,2017,Racing,THQ Nordic,0.05,0,0,0.01,0.05,1/1/2017
326,Agatha Christie's The ABC Murders,2016,Adventure,Microids,0.04,0,0,0.01,0.05,1/1/2016
327,Brothers: A Tale of Two Sons,2015,Adventure,505 Games,0.04,0.01,0,0.01,0.05,1/1/2015
328,The Walking Dead: A Telltale Series Collection,2017,Adventure,Warner Bros. Interactive Entertainment,0.05,0,0,0.01,0.05,1/1/2017
329,Rugby 18,2017,Sports,Koch Media,0.04,0,0,0.01,0.05,1/1/2017
330,Has-Been Heroes,2017,Action,GameTrust,0.04,0,0,0.01,0.05,1/1/2017
331,Deformers,2017,Action,Ready at Dawn,0.04,0,0,0.01,0.05,1/1/2017
332,Extinction,2018,Action,Maximum Games,0.04,0,0,0.01,0.05,1/1/2018
333,Resident Evil 4 HD,2016,Action-Adventure,Capcom,0.04,0,0,0.01,0.05,1/1/2016
334,The Technomancer,2016,Role-Playing,Focus Home Interactive,0.03,0.02,0,0,0.05,1/1/2016
335,Cars 3: Driven to Win,2017,Racing,Warner Bros. Interactive Entertainment,0.04,0,0,0.01,0.05,1/1/2017
336,Pillars of Eternity,2017,Role-Playing,Paradox Interactive ,0.04,0,0,0.01,0.05,1/1/2017
337,Just Sing,2016,Music,Ubisoft,0.04,0,0,0.01,0.05,1/1/2016
338,Mighty No. 9,2016,Platform,Deep Silver,0.04,0,0,0.01,0.05,1/1/2016
339,Batman: The Enemy Within,2017,Adventure,Telltale Games,0.04,0,0,0.01,0.05,1/1/2017
340,WRC 7,2017,Racing,Bigben Interactive,0.04,0,0,0.01,0.05,1/1/2017
341,King's Quest: The Complete Collection,2016,Adventure,Activision,0.04,0,0,0.01,0.05,1/1/2016
342,Marvel Pinball: Epic Collection Volume 1,2016,Puzzle,Nighthawk Interactive,0.04,0,0,0.01,0.05,1/1/2016
343,Road Rage,2017,Racing,Maximum Games,0.04,0,0,0,0.04,1/1/2017
344,Dragon's Dogma,2017,Role-Playing,Capcom,0.04,0,0,0,0.04,1/1/2017
345,Deer Hunter Reloaded,2017,Shooter,GameMill Entertainment,0.04,0,0,0,0.04,1/1/2017
346,Overcooked,2016,Action,Sold Out,0.04,0,0,0,0.04,1/1/2016
347,Resident Evil 5 HD,2016,Action,Capcom,0.04,0,0,0,0.04,1/1/2016
348,Darksiders: Warmastered Edition,2016,Action-Adventure,THQ Nordic,0.04,0,0,0,0.04,1/1/2016
349,Valkyria: Azure Revolution,2017,Role-Playing,Deep Silver,0.04,0,0,0,0.04,1/1/2017
350,Game of Thrones (Telltale),2015,Adventure,Telltale Games,0.04,0,0,0,0.04,1/1/2015
351,Terraria,2014,Action,505 Games,0,0.04,0,0,0.04,1/1/2014
352,Elex,2017,Role-Playing,THQ Nordic,0.04,0,0,0,0.04,1/1/2017
353,Battle Chasers: Nightwar,2017,Role-Playing,THQ Nordic,0.04,0,0,0,0.04,1/1/2017
354,Don't Starve,2018,Adventure,505 Games,0.04,0,0,0,0.04,1/1/2018
355,Dead Rising 2,2016,Action,Capcom,0.03,0,0,0,0.04,1/1/2016
356,Don Bradman Cricket 14,2015,Sports,Tru Blu Entertainment,0,0.04,0,0,0.04,1/1/2015
357,Monster Jam: Crush It,2016,Racing,GameMill,0.03,0,0,0,0.04,1/1/2016
358,Shadow Warrior (2013),2014,Shooter,Devolver Digital,0,0.04,0,0,0.04,1/1/2014
359,Dead Alliance,2017,Shooter,Maximum Games,0.03,0,0,0,0.04,1/1/2017
360,Warriors Orochi 3,2014,Action,Tecmo Koei,0.01,0.03,0,0,0.04,1/1/2014
361,Dead Rising,2016,Action,Capcom,0.03,0,0,0,0.04,1/1/2016
362,Sine Mora,2017,Action,THQ Nordic,0.03,0,0,0,0.04,1/1/2017
363,WRC 6,2016,Racing,PQube,0.03,0,0,0,0.03,1/1/2016
364,Black Mirror,2017,Adventure,THQ Nordic,0.03,0,0,0,0.03,1/1/2017
365,Pure Farming 2018,2018,Simulation,Techland,0.03,0,0,0,0.03,1/1/2018
366,MotoGP 15,2015,Racing,Milestone S.r.l.,0,0.03,0,0,0.03,1/1/2015
367,Raid: World War II,2017,Shooter,505 Games,0.03,0,0,0,0.03,1/1/2017
368,Carmageddon: Max Damage,2016,Action,Stainless Games,0.02,0.01,0,0,0.03,1/1/2016
369,INSIDE / LIMBO Double Pack,2017,Platform,505 Games,0.03,0,0,0,0.03,1/1/2017
370,Warhammer: The End Times - Vermintide,2016,Action,Games Workshop,0.03,0,0,0,0.03,1/1/2016
371,Stardew Valley,2017,Simulation,505 Games,0.02,0,0,0,0.03,1/1/2017
372,Ben 10 (2017),2017,Action,Outright Games,0.02,0,0,0,0.03,1/1/2017
373,The Pillars of the Earth,2017,Adventure,Kalypso Media,0.02,0,0,0,0.03,1/1/2017
374,Rime,2017,Adventure,Grey Box,0.02,0,0,0,0.03,1/1/2017
375,Worms: WMD,2016,Strategy,Team17 Digital Ltd,0.02,0,0,0,0.02,1/1/2016
376,Syberia III,2017,Adventure,Microids,0.02,0,0,0,0.02,1/1/2017
377,Moto Racer 4,2016,Racing,PQube,0.02,0,0,0,0.02,1/1/2016
378,Rugby League Live 4,2017,Sports,Tru Blu Entertainment,0,0.02,0,0,0.02,1/1/2017
379,ABZU,2017,Adventure,505 Games,0.02,0,0,0,0.02,1/1/2017
380,Pharaonic,2017,Action,Soedesco,0.02,0,0,0,0.02,1/1/2017
381,Geometry Wars 3: Dimensions Evolved,2016,Action,Activision,0.02,0,0,0,0.02,1/1/2016
382,Resident Evil: Revelations,2017,Action,Capcom,0.02,0,0,0,0.02,1/1/2017
383,Broken Sword 5: The Serpent's Curse,2015,Adventure,Revolution Software,0,0.02,0,0,0.02,1/1/2015
384,Rugby World Cup 2015,2015,Sports,Big Ben Interactive,0,0.02,0,0,0.02,1/1/2015
385,The Crew: Wild Run,2015,Racing,Ubisoft,0,0.02,0,0,0.02,1/1/2015
386,Prison Architect,2016,Simulation,Introversion Software,0.02,0,0,0,0.02,1/1/2016
387,The Dwarves,2016,Role-Playing,THQ Nordic,0.02,0,0,0,0.02,1/1/2016
388,Big Buck Hunter Arcade,2017,Shooter,GameMill,0.02,0,0,0,0.02,1/1/2017
389,Redout,2017,Racing,505 Games,0.02,0,0,0,0.02,1/1/2017
390,Troll and I,2017,Action,Maximum Games,0.02,0,0,0,0.02,1/1/2017
391,Portal Knights,2017,Role-Playing,505 Games,0.02,0,0,0,0.02,1/1/2017
392,Shaq-Fu: A Legend Reborn,2018,Action,Wired Productions,0.02,0,0,0,0.02,1/1/2018
393,Psycho-Pass,2014,Visual Novel,5pb,0,0,0.02,0,0.02,1/1/2014
394,Tropico 5,2016,Simulation,Kalypso Media,0.02,0,0,0,0.02,1/1/2016
395,Back to the Future: The Game,2015,Adventure,Telltale Games,0,0.02,0,0,0.02,1/1/2015
396,Saints Row: Gat out of Hell,2015,Action,Deep Silver,0,0.02,0,0,0.02,1/1/2015
397,Mega Man Legacy Collection 2,2017,Action,Capcom,0.02,0,0,0,0.02,1/1/2017
398,Dungeons 3,2017,Strategy,Kalypso Media,0.02,0,0,0,0.02,1/1/2017
399,Blackguards 2,2017,Strategy,Kalypso Media,0.02,0,0,0,0.02,1/1/2017
400,Rogue Trooper: Redux,2017,Shooter,Rebellion,0.02,0,0,0,0.02,1/1/2017
401,Vikings: Wolves of Midgard,2017,Action,Kalypso Media,0.01,0,0,0,0.02,1/1/2017
402,The Inner World: The Last Wind Monk,2017,Puzzle,Kalypso Media,0.01,0,0,0,0.02,1/1/2017
403,Assetto Corsa,2016,Racing,505 Games,0,0.01,0,0,0.02,1/1/2016
404,Le Tour de France 2017,2017,Simulation,Focus Home Interactive,0,0.01,0,0,0.02,1/1/2017
405,Lock's Quest,2017,Strategy,THQ Nordic,0.01,0,0,0,0.02,1/1/2017
406,WRC 5: FIA World Rally Championship,2015,Racing,Bigben Interactive,0,0.01,0,0,0.02,1/1/2015
407,FlatOut 4: Total Insanity,2017,Racing,Bigben Interactive,0.01,0,0,0,0.01,1/1/2017
408,Shadow Tactics: Blades of the Shogun,2017,Strategy,Kalypso Media,0.01,0,0,0,0.01,1/1/2017
409,The Town of Light,2017,Adventure,THQ Nordic,0.01,0,0,0,0.01,1/1/2017
410,Goat Simulator,2016,Simulation,Koch Media,0,0.01,0,0,0.01,1/1/2016
411,Rugby League Live 3,2015,Sports,Tru Blu Entertainment,0,0.01,0,0,0.01,1/1/2015
412,Assassin's Creed Chronicles,2016,Action,Ubisoft,0,0.01,0,0,0.01,1/1/2016
413,SÅEbastien Loeb Rally Evo,2016,Racing,Milestone S.r.l,0,0.01,0,0,0.01,1/1/2016
414,Rugby Challenge 3,2016,Sports,Alternative Software,0,0.01,0,0,0.01,1/1/2016
415,Rabbids Invasion: The Interactive TV Show,2014,Misc,Ubisoft,0,0.01,0,0,0.01,1/1/2014
416,ZombiU,2016,Action,Ubisoft,0,0.01,0,0,0.01,1/1/2016
417,This War of Mine,2016,Action,11 bit studios,0,0.01,0,0,0.01,1/1/2016
418,Battle Worlds: Kronos,2016,Strategy,Nordic Games,0.01,0,0,0,0.01,1/1/2016
419,ScreamRide,2015,Simulation,Microsoft Studios,0,0.01,0,0,0.01,1/1/2015
420,Torment: Tides of Numenera,2017,Role-Playing,Techland,0.01,0,0,0,0.01,1/1/2017
421,Ziggurat,2016,Shooter,Soedesco,0,0.01,0,0,0.01,1/1/2016
422,ATV Renegades,2017,Racing,Nighthawk Interactive,0,0,0,0,0.01,1/1/2017
423,This Is The Police,2017,Simulation,THQ Nordic,0,0,0,0,0.01,1/1/2017
424,Valhalla Hills,2017,Strategy,Kalypso Media,0,0,0,0,0,1/1/2017
425,Handball 16,2015,Sports,Bigben Interactive,0,0,0,0,0,1/1/2015
426,Shovel Knight,2015,Platform,Yacht Club Games,0,0,0,0,0,1/1/2015
427,Blood Bowl 2,2015,Sports,Focus Home Interactive,0,0,0,0,0,1/1/2015
428,The Peanuts Movie: Snoopy's Grand Adventure,2015,Platform,Activision,0,0,0,0,0,1/1/2015
429,Farming 2017 - The Simulation,2016,Simulation,UIG Entertainment,0,0,0,0,0,1/1/2016
430,Kung Fu Panda: Showdown of Legendary Legends,2015,Action,Little Orbit,0,0,0,0,0,1/1/2015
431,Strider (2014),2014,Platform,Capcom,0,0,0,0,0,1/1/2014
432,The Amazing Spider-Man 2,2014,Misc,Activision,0,0,0,0,0,1/1/2014
433,Mega Man Legacy Collection,2016,Platform,Capcom,0,0,0,0,0,1/1/2016
434,A Boy and His Blob,N/A,Platform,,0,0,0,0,0,#VALUE!
435,Agatha Christie: The ABC Murders,2016,Adventure,Microids,0,0,0,0,0,1/1/2016
436,Ancients of Ooga - The Forgotten Chapters,2016,Platform,Koch Media,0,0,0,0,0,1/1/2016
437,Another World,N/A,Adventure,,0,0,0,0,0,#VALUE!
438,Bladestorm: The Hundred Years' War,2015,Action,BioWare,0,0,0,0,0,1/1/2015
439,Brothers in Arms: Furious 4,2019,Shooter,Ubisoft,0,0,0,0,0,1/1/2019
440,Buzz Buzz Bang,N/A,Action,,0,0,0,0,0,#VALUE!
441,Woolfe: The Red Hood Diaries,N/A,Adventure,,0,0,0,0,0,#VALUE!
442,SlashDash,N/A,Action,,0,0,0,0,0,#VALUE!
443,Devil May Cry 4,2015,Action,Capcom,0,0,0,0,0,1/1/2015
444,#IDARB,N/A,Action,,0,0,0,0,0,#VALUE!
445,Frog Toss,N/A,Misc,,0,0,0,0,0,#VALUE!
446,Gran Turismo 5 Prologue Spec III,2014,Misc,Wizards of the Coast,0,0,0,0,0,1/1/2014
447,Industry Giant II,2017,Strategy,UIG Entertainment,0,0,0,0,0,1/1/2017
448,Killer Instinct,2020,Misc,Microsoft Game Studios,0,0,0,0,0,1/1/2020
449,King's Quest I: Quest for the Crown (VGA Version),N/A,Misc,,0,0,0,0,0,#VALUE!
450,LIMBO,N/A,Platform,,0,0,0,0,0,#VALUE!
451,Mount & Blade: Warband,2016,Role-Playing,Koch Media,0,0,0,0,0,1/1/2016
452,Neverwinter,N/A,Role-Playing,,0,0,0,0,0,#VALUE!
453,Pier Solar and the Great Architects,N/A,Role-Playing,,0,0,0,0,0,#VALUE!
454,Spectra 8bit Racing,N/A,Racing,,0,0,0,0,0,#VALUE!
455,Nero,N/A,Puzzle,,0,0,0,0,0,#VALUE!
456,Pinball FX 2,N/A,Misc,,0,0,0,0,0,#VALUE!
457,Gran Turismo HD Concept,N/A,Misc,,0,0,0,0,0,#VALUE!
458,Dear Esther,N/A,Adventure,,0,0,0,0,0,#VALUE!
459,Lightning Returns: Final Fantasy XIII,2013,Misc,Square Enix,0,0,0,0,0,1/1/2013
460,Oddworld: Abe's Oddysee New N' Tasty!,N/A,Platform,,0,0,0,0,0,#VALUE!
461,Lifeless Planet,N/A,Puzzle,,0,0,0,0,0,#VALUE!
462,Slender: The Arrival,2015,Adventure,Unknown,0,0,0,0,0,1/1/2015
463,Lovers in a Dangerous Spacetime,N/A,Action,,0,0,0,0,0,#VALUE!
464,Human Element,2015,Misc,Unknown,0,0,0,0,0,1/1/2015
465,Whore of the Orient,2020,Misc,Warner Bros. Interactive Entertainment,0,0,0,0,0,1/1/2020
466,Max: the Curse of Brotherhood,N/A,Action-Adventure,,0,0,0,0,0,#VALUE!
467,Axiom Verge,N/A,Action,,0,0,0,0,0,#VALUE!
468,Guacamelee!,N/A,Action,,0,0,0,0,0,#VALUE!
469,Carmageddon: Reincarnation,2015,Misc,Stainless Games,0,0,0,0,0,1/1/2015
470,The Banner Saga,N/A,Role-Playing,,0,0,0,0,0,#VALUE!
471,Cobalt,N/A,Action,,0,0,0,0,0,#VALUE!
472,Plague Inc.,N/A,Strategy,,0,0,0,0,0,#VALUE!
473,BADLAND,N/A,Action,,0,0,0,0,0,#VALUE!
474,Halo: Spartan Assault,N/A,Shooter,,0,0,0,0,0,#VALUE!
475,Halo 6,2020,Shooter,Microsoft Game Studios,0,0,0,0,0,1/1/2020
476,D4,N/A,Adventure,,0,0,0,0,0,#VALUE!
477,Crimson Dragon,N/A,Shooter,,0,0,0,0,0,#VALUE!
478,Below,N/A,Action-Adventure,,0,0,0,0,0,#VALUE!
479,Peggle 2,N/A,Misc,,0,0,0,0,0,#VALUE!
480,LocoCycle,N/A,Action,,0,0,0,0,0,#VALUE!
481,Powerstar Golf,N/A,Sports,,0,0,0,0,0,#VALUE!
482,Kingdom Hearts III,2019,Role-Playing,Square Enix,0,0,0,0,0,1/1/2019
483,Black Tusk Studios Game,2020,Misc,Microsoft Game Studios,0,0,0,0,0,1/1/2020
484,KickBeat,N/A,Misc,,0,0,0,0,0,#VALUE!
485,Reus,2016,Strategy,Soedesco,0,0,0,0,0,1/1/2016
486,Rogue Legacy,N/A,Action,,0,0,0,0,0,#VALUE!
487,Defense Grid 2,N/A,Misc,,0,0,0,0,0,#VALUE!
488,Hellraid,N/A,Misc,,0,0,0,0,0,#VALUE!
489,There Came an Echo,N/A,Misc,,0,0,0,0,0,#VALUE!
490,Strike Suit Zero,N/A,Misc,,0,0,0,0,0,#VALUE!
491,Fable Legends,2019,Role-Playing,Microsoft Studios,0,0,0,0,0,1/1/2019
492,WonderFlick,2014,Misc,Level 5,0,0,0,0,0,1/1/2014
493,Monochroma,2014,Misc,Unknown,0,0,0,0,0,1/1/2014
494,FORCED,N/A,Role-Playing,,0,0,0,0,0,#VALUE!
495,Sea Animal Games for Toddlers and Kids with Jigsaw Puzzles,2013,Misc,Ubisoft,0,0,0,0,0,1/1/2013
496,Unmechanical,N/A,Puzzle,,0,0,0,0,0,#VALUE!
497,Divekick,N/A,Fighting,,0,0,0,0,0,#VALUE!
498,Child of Light,N/A,Role-Playing,,0,0,0,0,0,#VALUE!
499,Valiant Hearts: The Great War,N/A,Adventure,,0,0,0,0,0,#VALUE!
500,Hyper Light Drifter,N/A,Role-Playing,,0,0,0,0,0,#VALUE!
501,Legend of Raven,N/A,Misc,,0,0,0,0,0,#VALUE!
502,Xbox Fitness,N/A,Misc,,0,0,0,0,0,#VALUE!
503,Raven's Cry,2014,Role-Playing,TopWare Interactive,0,0,0,0,0,1/1/2014
504,Shantae: Half-Genie Hero,N/A,Platform,,0,0,0,0,0,#VALUE!
505,Tales from the Borderlands,2014,Adventure,Telltale Games,0,0,0,0,0,1/1/2014
506,Get Even,2015,Misc,Unknown,0,0,0,0,0,1/1/2015
507,Threes!,N/A,Puzzle,,0,0,0,0,0,#VALUE!
508,Worms Battlegrounds,N/A,Strategy,,0,0,0,0,0,#VALUE!
509,Stranger of Sword City,2016,Role-Playing,Experience Inc.,0,0,0,0,0,1/1/2016
510,The Book of Unwritten Tales 2,2015,Adventure,Nordic Games,0,0,0,0,0,1/1/2015
511,Puyo Puyo Tetris,2014,Puzzle,Sega,0,0,0,0,0,1/1/2014
512,Razor Global Domination Pro Tour ,N/A,Misc,,0,0,0,0,0,#VALUE!
513,Gone Home ,N/A,Adventure,,0,0,0,0,0,#VALUE!
514,Costume Quest 2,N/A,Role-Playing,,0,0,0,0,0,#VALUE!
515,Aztez,N/A,Misc,,0,0,0,0,0,#VALUE!
516,Not a Hero,N/A,Misc,,0,0,0,0,0,#VALUE!
517,Cult County,2015,Misc,Renegade Kid,0,0,0,0,0,1/1/2015
518,Adr1ft,2016,Adventure,505 Games,0,0,0,0,0,1/1/2016
519,R.B.I. Baseball 14,2014,Misc,MLB.com,0,0,0,0,0,1/1/2014
520,Blue Estate ,2014,Misc,Focus Home Interactive,0,0,0,0,0,1/1/2014
521,Source,N/A,Misc,,0,0,0,0,0,#VALUE!
522,Chariot,N/A,Adventure,,0,0,0,0,0,#VALUE!
523,Super Time Force,N/A,Misc,,0,0,0,0,0,#VALUE!
524,Pure Pool ,N/A,Sports,,0,0,0,0,0,#VALUE!
525,Never Alone,N/A,Misc,,0,0,0,0,0,#VALUE!
526,Space Hulk: Deathwing,2015,Shooter,Focus Home Interactive,0,0,0,0,0,1/1/2015
527,Red Goddess: Inner Mind,N/A,Platform,,0,0,0,0,0,#VALUE!
528,Mystereet F: The Detectives' Curtain Call,2014,Misc,5pb,0,0,0,0,0,1/1/2014
529,Chaos;Child,2014,Visual Novel,5pb,0,0,0,0,0,1/1/2014
530,Fenix Rage,N/A,Platform,,0,0,0,0,0,#VALUE!
531,FRU,N/A,Puzzle,,0,0,0,0,0,#VALUE!
532,Shiness: The Lightning Kingdom,N/A,Role-Playing,,0,0,0,0,0,#VALUE!
533,Ori and the Blind Forest,N/A,Platform,,0,0,0,0,0,#VALUE!
534,Phantom Dust (2015),N/A,Action,,0,0,0,0,0,#VALUE!
535,Scalebound,2014,Action,PlatinumGames,0,0,0,0,0,1/1/2014
536,Crackdown 3,2019,Action,Microsoft Studios,0,0,0,0,0,1/1/2019
537,EA Sports PGA Tour,2015,Sports,EA Sports,0,0,0,0,0,1/1/2015
538,Lara Croft and the Temple of Osiris,2014,Action,Square Enix,0,0,0,0,0,1/1/2014
539,Wulverblade,N/A,Action,,0,0,0,0,0,#VALUE!
540,Gunscape,N/A,Action,,0,0,0,0,0,#VALUE!
541,Cuphead,N/A,Action,,0,0,0,0,0,#VALUE!
542,Knight Squad,N/A,Action,,0,0,0,0,0,#VALUE!
543,Dead Island 2,2017,Action,Deep Silver,0,0,0,0,0,1/1/2017
544,Inside,N/A,Platform,,0,0,0,0,0,#VALUE!
545,Tetris Ultimate ,2014,Puzzle,Ubisoft,0,0,0,0,0,1/1/2014
546,Afro Samurai 2,2015,Action,Versus Evil,0,0,0,0,0,1/1/2015
547,The Legend of Korra (2014),2014,Action,Activision,0,0,0,0,0,1/1/2014
548,Azito x Tatsunoko Legends,N/A,Simulation,,0,0,0,0,0,#VALUE!
549,Shooting Love Trilogy,2015,Shooter,Triangle Service,0,0,0,0,0,1/1/2015
550,AirMech Arena,N/A,Action,,0,0,0,0,0,#VALUE!
551,The Walking Dead: Season Three,N/A,Action,,0,0,0,0,0,#VALUE!
552,King of Wushu,2015,Action,Snail Game,0,0,0,0,0,1/1/2015
553,Mercury ,2015,Action,Unknown,0,0,0,0,0,1/1/2015
554,Pneuma: Breath of Life,N/A,Puzzle,,0,0,0,0,0,#VALUE!
555,The Escapists,N/A,Action,,0,0,0,0,0,#VALUE!
556,Superhot,N/A,Shooter,,0,0,0,0,0,#VALUE!
557,Spectra,N/A,Racing,,0,0,0,0,0,#VALUE!
558,Space Engineers,N/A,Simulation,,0,0,0,0,0,#VALUE!
559,No Time to Explain,N/A,Action,,0,0,0,0,0,#VALUE!
560,Funk of Titans,N/A,Platform,,0,0,0,0,0,#VALUE!
561,Fruit Ninja Kinect 2,N/A,Action,,0,0,0,0,0,#VALUE!
562,Blues and Bullets,N/A,Action-Adventure,,0,0,0,0,0,#VALUE!
563,Game 4,N/A,Strategy,,0,0,0,0,0,#VALUE!
564,Raiden V,2016,Action,Moss,0,0,0,0,0,1/1/2016
565,Assassin's Creed Chronicles: China,2015,Action-Adventure,Ubisoft,0,0,0,0,0,1/1/2015
566,Pathologic,2015,Adventure,Ice-pick Lodge,0,0,0,0,0,1/1/2015
567,Geometry Wars 3: Dimensions,N/A,Shooter,,0,0,0,0,0,#VALUE!
568,Assassin's Creed: Victory,2015,Action,Ubisoft,0,0,0,0,0,1/1/2015
569,The Banner Saga 2,N/A,Role-Playing,,0,0,0,0,0,#VALUE!
570,Gigantic,N/A,Action,,0,0,0,0,0,#VALUE!
571,Magic Duels: Origin,N/A,Misc,,0,0,0,0,0,#VALUE!
572,Shiftlings,N/A,Platform,,0,0,0,0,0,#VALUE!
573,Oceanhorn: Monster of Uncharted Seas,N/A,Action,,0,0,0,0,0,#VALUE!
574,Beyond Eyes,N/A,Adventure,,0,0,0,0,0,#VALUE!
575,Inside My Radio,N/A,Platform,,0,0,0,0,0,#VALUE!
576,Kaiju Panic,N/A,Strategy,,0,0,0,0,0,#VALUE!
577,Tembo the Badass Elephant,N/A,Platform,,0,0,0,0,0,#VALUE!
578,Assassin's Creed Chronicles: Russia,N/A,Action,,0,0,0,0,0,#VALUE!
579,Assassin's Creed Chronicles: India,N/A,Action,,0,0,0,0,0,#VALUE!
580,Overlord: Fellowship of Evil,N/A,Action,,0,0,0,0,0,#VALUE!
581,R.B.I. Baseball 15,2015,Sports,MLB.com,0,0,0,0,0,1/1/2015
582,The Walking Dead: Michonne,N/A,Adventure,,0,0,0,0,0,#VALUE!
583,Unravel,N/A,Platform,,0,0,0,0,0,#VALUE!
584,Tachyon Project,N/A,Action,,0,0,0,0,0,#VALUE!
585,Cross Reverie,2017,Role-Playing,Sinxsoft,0,0,0,0,0,1/1/2017
586,Goosebumps: The Game,N/A,Adventure,,0,0,0,0,0,#VALUE!
587,The Escapists: The Walking Dead,2015,Action,Team17 Software,0,0,0,0,0,1/1/2015
588,Woodcutter Simulator 2016,2015,Action,Namco Bandai Games,0,0,0,0,0,1/1/2015
589,Professional Farmer 2016,2015,Action,Namco Bandai Games,0,0,0,0,0,1/1/2015
590,Professional Lumberjack 2016,2015,Simulation,Namco Bandai Games,0,0,0,0,0,1/1/2015
591,Alekhine's Gun,2016,Action,Maximum Games,0,0,0,0,0,1/1/2016
592,World to the West,2017,Action-Adventure,Soedesco,0,0,0,0,0,1/1/2017
593,The Binding of Isaac: Rebirth,N/A,Action,,0,0,0,0,0,#VALUE!
594,Super Dungeon Bros,2016,Action,Wired Productions,0,0,0,0,0,1/1/2016
595,Pro Cycling Manager 2016,2016,Sports,Focus Home Interactive,0,0,0,0,0,1/1/2016
596,De-formers,N/A,Action,,0,0,0,0,0,#VALUE!
597,Wonder Boy: The Dragon's Trap (Remake),N/A,Platform,,0,0,0,0,0,#VALUE!
598,Rock of Ages II: Bigger and Boulder,N/A,Action,,0,0,0,0,0,#VALUE!
599,Fe,N/A,Action,,0,0,0,0,0,#VALUE!
600,We Sing (2016),2016,Music,THQ Nordic,0,0,0,0,0,1/1/2016
601,Don Bradman Cricket 17,2016,Sports,Tru Blu Entertainment,0,0,0,0,0,1/1/2016
602,Ace Combat 7: Skies Unknown,2019,Shooter,Bandai Namco Games,0,0,0,0,0,1/1/2019
603,The Sexy Brutale,N/A,Adventure,,0,0,0,0,0,#VALUE!
604,Metro Exodus,2019,Shooter,Deep Silver,0,0,0,0,0,1/1/2019
605,Anthem,2019,Role-Playing,Electronic Arts,0,0,0,0,0,1/1/2019
606,AereA,2017,Role-Playing,Soedesco,0,0,0,0,0,1/1/2017
607,Moons Of Madness,2018,Role-Playing,Unknown,0,0,0,0,0,1/1/2018
608,Iron Harvest,2018,Strategy,Unknown,0,0,0,0,0,1/1/2018
609,Biomutant,2018,Action,THQ Nordic,0,0,0,0,0,1/1/2018
610,Biomutant,2019,Action,THQ Nordic,0,0,0,0,0,1/1/2019
611,de Blob,2017,Platform,THQ Nordic,0,0,0,0,0,1/1/2017
612,Outcast: Second Contact,2017,Adventure,Bigben Interactive,0,0,0,0,0,1/1/2017
613,Code Vein,2019,Action,Bandai Namco Entertainment,0,0,0,0,0,1/1/2019
